image,specimen_id,grit,Ra_um,Rz_um,is_outlier,outlier_Ra,outlier_Rz,cv_fold
P10_C1_G120_Recorte_Recorte_A1_1.1.tiff,10,120,3.553632975942307,27.4769529646411,False,False,False,3
P10_C1_G120_Recorte_Recorte_A1_1.2.tiff,10,120,3.651156299763539,30.09749645030067,False,False,False,3
P10_C1_G120_Recorte_Recorte_A1_1.3.tiff,10,120,3.512943870028485,28.99407143714397,False,False,False,3
P10_C1_G120_Recorte_Recorte_A1_1.5.tiff,10,120,3.916893591855059,33.2572460391698,True,False,True,0
P10_C1_G120_Recorte_Recorte_A1_1.6.tiff,10,120,3.530003380705771,27.8461036240799,False,False,False,3
P10_C1_G120_Recorte_Recorte_A2_1.1.tiff,10,120,3.553632975942307,27.4769529646411,False,False,False,3
P10_C1_G120_Recorte_Recorte_A2_1.2.tiff,10,120,3.651156299763539,30.09749645030067,False,False,False,3
P10_C1_G120_Recorte_Recorte_A2_1.3.tiff,10,120,3.512943870028485,28.99407143714397,False,False,False,3
P10_C1_G120_Recorte_Recorte_A2_1.5.tiff,10,120,3.916893591855059,33.2572460391698,True,False,True,0
P10_C1_G120_Recorte_Recorte_A2_1.6.tiff,10,120,3.530003380705771,27.8461036240799,False,False,False,3
P10_C1_G120_Recorte_Recorte_B_2.2.tiff,10,120,3.10437611820009,25.19310854998475,False,False,False,3
P10_C1_G120_Recorte_Recorte_B_2.3.tiff,10,120,3.741921469051266,30.43235038385424,False,False,False,3
P10_C1_G120_Recorte_Recorte_B_2.4.tiff,10,120,3.603456805488821,36.16294157667351,True,False,True,0
P10_C1_G120_Recorte_Recorte_B_2.5.tiff,10,120,2.865314510218592,26.02782268515462,False,False,False,3
P10_C1_G120_Recorte_Recorte_B_2.6.tiff,10,120,3.36911330307355,24.16184614095415,False,False,False,3
P10_C1_G120_Recorte_Recorte_C_3.1.tiff,10,120,3.59167522862336,29.41986469492264,False,False,False,3
P10_C1_G120_Recorte_Recorte_C_3.2.tiff,10,120,2.982343341934645,22.2920910282855,False,False,False,3
P10_C1_G120_Recorte_Recorte_C_3.3.tiff,10,120,3.381101365795641,26.21289550777895,False,False,False,3
P10_C1_G120_Recorte_Recorte_C_3.4.tiff,10,120,3.217699188550224,27.54866488270214,False,False,False,3
P10_C1_G120_Recorte_Recorte_C_3.5.tiff,10,120,3.404915520750782,24.95457851644193,False,False,False,3
P10_C1_G120_Recorte_Recorte_C_3.6.tiff,10,120,3.495752991672214,24.98863363800755,False,False,False,3
P10_C1_G180_Recorte_Recorte_A1_1.1.tiff,10,180,3.344871749824236,26.17558034557778,False,False,False,3
P10_C1_G180_Recorte_Recorte_A1_1.2.tiff,10,180,3.504999477066161,27.09724087814946,False,False,False,3
P10_C1_G180_Recorte_Recorte_A1_1.3.tiff,10,180,3.15947205214764,26.69371964225219,False,False,False,3
P10_C1_G180_Recorte_Recorte_A1_1.4.tiff,10,180,3.292861343801064,25.08986725121319,False,False,False,3
P10_C1_G180_Recorte_Recorte_A1_1.5.tiff,10,180,3.220071340299438,25.12883678260982,False,False,False,3
P10_C1_G180_Recorte_Recorte_A1_1.6.tiff,10,180,2.865108226994018,22.58969254273001,False,False,False,3
P10_C1_G180_Recorte_Recorte_A2_1.1.tiff,10,180,3.344871749824236,26.17558034557778,False,False,False,3
P10_C1_G180_Recorte_Recorte_A2_1.2.tiff,10,180,3.504999477066161,27.09724087814946,False,False,False,3
P10_C1_G180_Recorte_Recorte_A2_1.3.tiff,10,180,3.15947205214764,26.69371964225219,False,False,False,3
P10_C1_G180_Recorte_Recorte_A2_1.4.tiff,10,180,3.292861343801064,25.08986725121319,False,False,False,3
P10_C1_G180_Recorte_Recorte_A2_1.5.tiff,10,180,3.220071340299438,25.12883678260982,False,False,False,3
P10_C1_G180_Recorte_Recorte_A2_1.6.tiff,10,180,2.865108226994018,22.58969254273001,False,False,False,3
P10_C1_G180_Recorte_Recorte_B_2.1.tiff,10,180,3.84183405857336,31.13089945860263,False,False,False,3
P10_C1_G180_Recorte_Recorte_B_2.2.tiff,10,180,3.200769872915607,27.28954001951031,False,False,False,3
P10_C1_G180_Recorte_Recorte_B_2.3.tiff,10,180,3.367812569175184,25.65029482094821,False,False,False,3
P10_C1_G180_Recorte_Recorte_B_2.4.tiff,10,180,3.665400509504259,31.84370208427255,False,False,False,3
P10_C1_G180_Recorte_Recorte_B_2.5.tiff,10,180,3.552453819223437,31.05426114682071,False,False,False,3
P10_C1_G180_Recorte_Recorte_B_2.6.tiff,10,180,3.304602681623513,24.7434336202257,False,False,False,3
P10_C1_G180_Recorte_Recorte_C_3.1.tiff,10,180,2.801848036005743,21.66287749899781,False,False,False,3
P10_C1_G180_Recorte_Recorte_C_3.2.tiff,10,180,2.957049793402204,26.55756138329885,False,False,False,3
P10_C1_G180_Recorte_Recorte_C_3.3.tiff,10,180,2.931936725303551,19.83825026127993,False,False,False,3
P10_C1_G180_Recorte_Recorte_C_3.4.tiff,10,180,2.885414104448238,21.86247824609054,False,False,False,3
P10_C1_G180_Recorte_Recorte_C_3.5.tiff,10,180,2.930169875339804,24.50219528677233,False,False,False,3
P10_C1_G180_Recorte_Recorte_C_3.6.tiff,10,180,3.034096232881625,22.47905667017429,False,False,False,3
P10_C1_G40_Recorte_Recorte_A1_1.1.tiff,10,40,9.068154031579805,62.78004901292919,False,False,False,3
P10_C1_G40_Recorte_Recorte_A1_1.2.tiff,10,40,9.040351325492944,60.6836151314116,False,False,False,3
P10_C1_G40_Recorte_Recorte_A1_1.3.tiff,10,40,8.743621611817176,57.86704395536076,False,False,False,3
P10_C1_G40_Recorte_Recorte_A1_1.4.tiff,10,40,9.213595866168477,59.651205819201,False,False,False,3
P10_C1_G40_Recorte_Recorte_A1_1.5.tiff,10,40,8.038813942857992,48.68892778555827,False,False,False,3
P10_C1_G40_Recorte_Recorte_A1_1.6.tiff,10,40,7.323758242431766,44.09256164513823,False,False,False,3
P10_C1_G40_Recorte_Recorte_A2_1.1.tiff,10,40,9.068154031579805,62.78004901292919,False,False,False,3
P10_C1_G40_Recorte_Recorte_A2_1.2.tiff,10,40,9.040351325492944,60.6836151314116,False,False,False,3
P10_C1_G40_Recorte_Recorte_A2_1.3.tiff,10,40,8.743621611817176,57.86704395536076,False,False,False,3
P10_C1_G40_Recorte_Recorte_A2_1.4.tiff,10,40,9.213595866168477,59.651205819201,False,False,False,3
P10_C1_G40_Recorte_Recorte_A2_1.5.tiff,10,40,8.038813942857992,48.68892778555827,False,False,False,3
P10_C1_G40_Recorte_Recorte_A2_1.6.tiff,10,40,7.323758242431766,44.09256164513823,False,False,False,3
P10_C1_G40_Recorte_Recorte_B_2.1.tiff,10,40,6.675577774014687,42.00028326245434,False,False,False,3
P10_C1_G40_Recorte_Recorte_B_2.2.tiff,10,40,7.189788849366348,44.47912331183137,False,False,False,3
P10_C1_G40_Recorte_Recorte_B_2.3.tiff,10,40,8.430451647075907,51.88583687546584,False,False,False,3
P10_C1_G40_Recorte_Recorte_B_2.4.tiff,10,40,6.712510688143628,42.9840191746237,False,False,False,3
P10_C1_G40_Recorte_Recorte_B_2.5.tiff,10,40,7.298421510161463,44.03620192605498,False,False,False,3
P10_C1_G40_Recorte_Recorte_B_2.6.tiff,10,40,6.665444391687865,44.59935630309626,False,False,False,3
P10_C1_G40_Recorte_Recorte_C_3.1.tiff,10,40,7.153127709815485,49.29535752001625,False,False,False,3
P10_C1_G40_Recorte_Recorte_C_3.2.tiff,10,40,6.387484767351897,40.74370875719886,False,False,False,3
P10_C1_G40_Recorte_Recorte_C_3.3.tiff,10,40,8.8163686037642,59.0155704278429,False,False,False,3
P10_C1_G40_Recorte_Recorte_C_3.4.tiff,10,40,6.744414424415966,41.03769450152286,False,False,False,3
P10_C1_G40_Recorte_Recorte_C_3.5.tiff,10,40,7.566769747429062,50.35184318895004,False,False,False,3
P10_C1_G40_Recorte_Recorte_C_3.6.tiff,10,40,7.087431902262701,54.92560497294185,False,False,False,3
P10_C1_G80_Recorte_Recorte_A1_1.1.tiff,10,80,4.70465958204421,38.3801861428886,False,False,False,3
P10_C1_G80_Recorte_Recorte_A1_1.2.tiff,10,80,4.878418699230402,33.92315040076848,False,False,False,3
P10_C1_G80_Recorte_Recorte_A1_1.3.tiff,10,80,5.526930976396331,39.46134101707983,False,False,False,3
P10_C1_G80_Recorte_Recorte_A1_1.4.tiff,10,80,5.257697107052152,39.45358056087947,False,False,False,3
P10_C1_G80_Recorte_Recorte_A1_1.5.tiff,10,80,4.758554431205364,36.51601445722199,False,False,False,3
P10_C1_G80_Recorte_Recorte_A1_1.6.tiff,10,80,4.570462456644945,34.59875982139999,False,False,False,3
P10_C1_G80_Recorte_Recorte_A2_1.1.tiff,10,80,4.70465958204421,38.3801861428886,False,False,False,3
P10_C1_G80_Recorte_Recorte_A2_1.2.tiff,10,80,4.878418699230402,33.92315040076848,False,False,False,3
P10_C1_G80_Recorte_Recorte_A2_1.3.tiff,10,80,5.526930976396331,39.46134101707983,False,False,False,3
P10_C1_G80_Recorte_Recorte_A2_1.4.tiff,10,80,5.257697107052152,39.45358056087947,False,False,False,3
P10_C1_G80_Recorte_Recorte_A2_1.5.tiff,10,80,4.758554431205364,36.51601445722199,False,False,False,3
P10_C1_G80_Recorte_Recorte_A2_1.6.tiff,10,80,4.570462456644945,34.59875982139999,False,False,False,3
P10_C1_G80_Recorte_Recorte_B_2.1.tiff,10,80,4.621245315646107,33.15272343555141,False,False,False,3
P10_C1_G80_Recorte_Recorte_B_2.2.tiff,10,80,4.291297872956966,30.06936363942007,False,False,False,3
P10_C1_G80_Recorte_Recorte_B_2.3.tiff,10,80,4.64756978939973,33.88657754708008,False,False,False,3
P10_C1_G80_Recorte_Recorte_B_2.4.tiff,10,80,4.804355487718469,29.50724141301396,False,False,False,3
P10_C1_G80_Recorte_Recorte_B_2.5.tiff,10,80,4.364741132354324,30.38860918328406,False,False,False,3
P10_C1_G80_Recorte_Recorte_B_2.6.tiff,10,80,4.0647712897457,30.86409005702351,False,False,False,3
P10_C1_G80_Recorte_Recorte_C_3.1.tiff,10,80,5.382623877095079,37.55199605140143,False,False,False,3
P10_C1_G80_Recorte_Recorte_C_3.2.tiff,10,80,5.503988688387361,32.88724754380873,False,False,False,3
P10_C1_G80_Recorte_Recorte_C_3.3.tiff,10,80,5.266791460729777,38.60902783489276,False,False,False,3
P10_C1_G80_Recorte_Recorte_C_3.4.tiff,10,80,5.793470855578915,40.75336883356569,False,False,False,3
P10_C1_G80_Recorte_Recorte_C_3.6.tiff,10,80,5.605810602925689,39.07909015443182,False,False,False,3
P10_C2_G120_Recorte_Recorte_A1_1.1.tiff,10,120,3.063226646326545,25.1945897030276,False,False,False,3
P10_C2_G120_Recorte_Recorte_A1_1.2.tiff,10,120,2.62583593085094,19.87153613654845,False,False,False,3
P10_C2_G120_Recorte_Recorte_A1_1.3.tiff,10,120,2.609604561290519,20.61958396840487,False,False,False,3
P10_C2_G120_Recorte_Recorte_A1_1.4.tiff,10,120,2.845486311872135,19.36719746582466,False,False,False,3
P10_C2_G120_Recorte_Recorte_A1_1.5.tiff,10,120,2.685810582667232,22.53873405741147,False,False,False,3
P10_C2_G120_Recorte_Recorte_A1_1.6.tiff,10,120,2.761582267222708,20.75887713112436,False,False,False,3
P10_C2_G120_Recorte_Recorte_A2_1.1.tiff,10,120,3.063226646326545,25.1945897030276,False,False,False,3
P10_C2_G120_Recorte_Recorte_A2_1.2.tiff,10,120,2.62583593085094,19.87153613654845,False,False,False,3
P10_C2_G120_Recorte_Recorte_A2_1.3.tiff,10,120,2.609604561290519,20.61958396840487,False,False,False,3
P10_C2_G120_Recorte_Recorte_A2_1.4.tiff,10,120,2.845486311872135,19.36719746582466,False,False,False,3
P10_C2_G120_Recorte_Recorte_A2_1.5.tiff,10,120,2.685810582667232,22.53873405741147,False,False,False,3
P10_C2_G120_Recorte_Recorte_A2_1.6.tiff,10,120,2.761582267222708,20.75887713112436,False,False,False,3
P10_C2_G120_Recorte_Recorte_B_2.1.tiff,10,120,3.127776622846366,25.52387604305907,False,False,False,3
P10_C2_G120_Recorte_Recorte_B_2.2.tiff,10,120,2.753142977210814,20.54295341548946,False,False,False,3
P10_C2_G120_Recorte_Recorte_B_2.3.tiff,10,120,2.948956368842598,23.27814412596882,False,False,False,3
P10_C2_G120_Recorte_Recorte_B_2.4.tiff,10,120,3.252477286162708,21.0745148312559,False,False,False,3
P10_C2_G120_Recorte_Recorte_B_2.5.tiff,10,120,2.722555671230118,21.79596383371166,False,False,False,3
P10_C2_G120_Recorte_Recorte_B_2.6.tiff,10,120,2.97495137489451,26.26024183763402,False,False,False,3
P10_C2_G120_Recorte_Recorte_C_3.1.tiff,10,120,2.828701835333225,23.33315952948315,False,False,False,3
P10_C2_G120_Recorte_Recorte_C_3.2.tiff,10,120,2.649657812582613,20.43782821487963,False,False,False,3
P10_C2_G120_Recorte_Recorte_C_3.3.tiff,10,120,2.888111645834823,20.32675765768345,False,False,False,3
P10_C2_G120_Recorte_Recorte_C_3.4.tiff,10,120,2.544570200036164,18.66853850564306,False,False,False,3
P10_C2_G120_Recorte_Recorte_C_3.5.tiff,10,120,2.66575513071275,21.22212471368315,False,False,False,3
P10_C2_G120_Recorte_Recorte_C_3.6.tiff,10,120,2.736683385493387,18.53241681121539,False,False,False,3
P10_C2_G180_Recorte_Recorte_A1_1.1.tiff,10,180,3.22023397158584,24.52386261019484,False,False,False,3
P10_C2_G180_Recorte_Recorte_A1_1.2.tiff,10,180,2.85892522844461,21.6695290628865,False,False,False,3
P10_C2_G180_Recorte_Recorte_A1_1.3.tiff,10,180,2.199779012822173,19.25596062332074,False,False,False,3
P10_C2_G180_Recorte_Recorte_A1_1.4.tiff,10,180,2.736579050579524,24.05025161306897,False,False,False,3
P10_C2_G180_Recorte_Recorte_A1_1.5.tiff,10,180,2.49865606650602,20.1736974986705,False,False,False,3
P10_C2_G180_Recorte_Recorte_A1_1.6.tiff,10,180,2.828501900625061,22.97538278849751,False,False,False,3
P10_C2_G180_Recorte_Recorte_A2_1.1.tiff,10,180,3.22023397158584,24.52386261019484,False,False,False,3
P10_C2_G180_Recorte_Recorte_A2_1.2.tiff,10,180,2.85892522844461,21.6695290628865,False,False,False,3
P10_C2_G180_Recorte_Recorte_A2_1.3.tiff,10,180,2.199779012822173,19.25596062332074,False,False,False,3
P10_C2_G180_Recorte_Recorte_A2_1.4.tiff,10,180,2.736579050579524,24.05025161306897,False,False,False,3
P10_C2_G180_Recorte_Recorte_A2_1.5.tiff,10,180,2.49865606650602,20.1736974986705,False,False,False,3
P10_C2_G180_Recorte_Recorte_A2_1.6.tiff,10,180,2.828501900625061,22.97538278849751,False,False,False,3
P10_C2_G180_Recorte_Recorte_B_2.1.tiff,10,180,2.55349456795113,26.47137739403982,False,False,False,3
P10_C2_G180_Recorte_Recorte_B_2.2.tiff,10,180,2.66451884203884,21.50523848946771,False,False,False,3
P10_C2_G180_Recorte_Recorte_B_2.3.tiff,10,180,2.705354767613458,24.06694381600872,False,False,False,3
P10_C2_G180_Recorte_Recorte_B_2.4.tiff,10,180,2.277680274245792,19.27045624464839,False,False,False,3
P10_C2_G180_Recorte_Recorte_B_2.5.tiff,10,180,2.701286848813218,22.26988829509318,False,False,False,3
P10_C2_G180_Recorte_Recorte_B_2.6.tiff,10,180,2.511260934551428,22.8164304029927,False,False,False,3
P10_C2_G180_Recorte_Recorte_C_3.1.tiff,10,180,3.013336971392538,23.21854899306694,False,False,False,3
P10_C2_G180_Recorte_Recorte_C_3.2.tiff,10,180,2.80061243180286,23.33107055942869,False,False,False,3
P10_C2_G180_Recorte_Recorte_C_3.3.tiff,10,180,2.698001730956239,21.64173851305771,False,False,False,3
P10_C2_G180_Recorte_Recorte_C_3.4.tiff,10,180,2.425950996535682,20.40515613895354,False,False,False,3
P10_C2_G180_Recorte_Recorte_C_3.5.tiff,10,180,2.607819413476978,20.94253487441865,False,False,False,3
P10_C2_G180_Recorte_Recorte_C_3.6.tiff,10,180,2.250650657575597,20.39747576027275,False,False,False,3
P10_C2_G40_Recorte_Recorte_A1_1.1.tiff,10,40,5.382454595681271,33.56045180133722,False,False,False,3
P10_C2_G40_Recorte_Recorte_A1_1.2.tiff,10,40,5.329159495512694,32.15432475631336,False,False,False,3
P10_C2_G40_Recorte_Recorte_A1_1.3.tiff,10,40,6.658584023445524,41.5648129460777,False,False,False,3
P10_C2_G40_Recorte_Recorte_A1_1.4.tiff,10,40,5.546600837644712,36.36289652586152,False,False,False,3
P10_C2_G40_Recorte_Recorte_A1_1.5.tiff,10,40,6.524808722083791,43.41568499704371,False,False,False,3
P10_C2_G40_Recorte_Recorte_A1_1.6.tiff,10,40,6.454467376766754,40.76760666531051,False,False,False,3
P10_C2_G40_Recorte_Recorte_A2_1.1.tiff,10,40,5.382454595681271,33.56045180133722,False,False,False,3
P10_C2_G40_Recorte_Recorte_A2_1.2.tiff,10,40,5.329159495512694,32.15432475631336,False,False,False,3
P10_C2_G40_Recorte_Recorte_A2_1.3.tiff,10,40,6.658584023445524,41.5648129460777,False,False,False,3
P10_C2_G40_Recorte_Recorte_A2_1.4.tiff,10,40,5.546600837644712,36.36289652586152,False,False,False,3
P10_C2_G40_Recorte_Recorte_A2_1.5.tiff,10,40,6.524808722083791,43.41568499704371,False,False,False,3
P10_C2_G40_Recorte_Recorte_A2_1.6.tiff,10,40,6.454467376766754,40.76760666531051,False,False,False,3
P10_C2_G40_Recorte_Recorte_B_2.1.tiff,10,40,5.987332528476792,38.0353380812506,False,False,False,3
P10_C2_G40_Recorte_Recorte_B_2.2.tiff,10,40,5.744202873461201,37.01354958075698,False,False,False,3
P10_C2_G40_Recorte_Recorte_B_2.3.tiff,10,40,5.498157516278751,35.40286188565079,False,False,False,3
P10_C2_G40_Recorte_Recorte_B_2.4.tiff,10,40,5.827881605895579,33.64439033384741,False,False,False,3
P10_C2_G40_Recorte_Recorte_B_2.5.tiff,10,40,5.725370658102632,36.38037571501973,False,False,False,3
P10_C2_G40_Recorte_Recorte_B_2.6.tiff,10,40,5.097121935877297,36.17651201599541,False,False,False,3
P10_C2_G40_Recorte_Recorte_C_3.1.tiff,10,40,7.566169773901489,45.25676505066051,False,False,False,3
P10_C2_G40_Recorte_Recorte_C_3.2.tiff,10,40,5.552854351385337,31.76165161214139,False,False,False,3
P10_C2_G40_Recorte_Recorte_C_3.3.tiff,10,40,5.438480900957177,34.56441455479997,False,False,False,3
P10_C2_G40_Recorte_Recorte_C_3.4.tiff,10,40,7.092534081870278,48.83405753761578,False,False,False,3
P10_C2_G40_Recorte_Recorte_C_3.5.tiff,10,40,6.06865103494472,46.27143749818104,False,False,False,3
P10_C2_G40_Recorte_Recorte_C_3.6.tiff,10,40,5.90026279039602,42.87430707089247,False,False,False,3
P10_C2_G80_Recorte_Recorte_A1_1.1.tiff,10,80,4.094197113892678,28.2440632160902,False,False,False,3
P10_C2_G80_Recorte_Recorte_A1_1.2.tiff,10,80,4.238888376532522,34.05126756078052,False,False,False,3
P10_C2_G80_Recorte_Recorte_A1_1.3.tiff,10,80,3.503804580096106,23.11248182191257,False,False,False,3
P10_C2_G80_Recorte_Recorte_A1_1.4.tiff,10,80,3.690926494259908,26.1007390696681,False,False,False,3
P10_C2_G80_Recorte_Recorte_A1_1.5.tiff,10,80,3.425443387653933,26.22422196904463,False,False,False,3
P10_C2_G80_Recorte_Recorte_A1_1.6.tiff,10,80,3.785485648137479,28.99359546549437,False,False,False,3
P10_C2_G80_Recorte_Recorte_A2_1.1.tiff,10,80,4.094197113892678,28.2440632160902,False,False,False,3
P10_C2_G80_Recorte_Recorte_A2_1.2.tiff,10,80,4.238888376532522,34.05126756078052,False,False,False,3
P10_C2_G80_Recorte_Recorte_A2_1.3.tiff,10,80,3.503804580096106,23.11248182191257,False,False,False,3
P10_C2_G80_Recorte_Recorte_A2_1.4.tiff,10,80,3.690926494259908,26.1007390696681,False,False,False,3
P10_C2_G80_Recorte_Recorte_A2_1.5.tiff,10,80,3.425443387653933,26.22422196904463,False,False,False,3
P10_C2_G80_Recorte_Recorte_A2_1.6.tiff,10,80,3.785485648137479,28.99359546549437,False,False,False,3
P10_C2_G80_Recorte_Recorte_B_2.1.tiff,10,80,4.411006865376473,29.00231192764198,False,False,False,3
P10_C2_G80_Recorte_Recorte_B_2.2.tiff,10,80,3.852713666676744,23.81620169299977,False,False,False,3
P10_C2_G80_Recorte_Recorte_B_2.3.tiff,10,80,3.765740346196426,24.21181242135681,False,False,False,3
P10_C2_G80_Recorte_Recorte_B_2.4.tiff,10,80,4.449843553351408,29.67456412096215,False,False,False,3
P10_C2_G80_Recorte_Recorte_B_2.5.tiff,10,80,4.330971452784416,29.90437366278272,False,False,False,3
P10_C2_G80_Recorte_Recorte_B_2.6.tiff,10,80,3.880064727971167,29.20983165175036,False,False,False,3
P10_C2_G80_Recorte_Recorte_C_3.1.tiff,10,80,4.403955691426307,30.09959148036327,False,False,False,3
P10_C2_G80_Recorte_Recorte_C_3.2.tiff,10,80,4.933080844744415,34.15813582533698,False,False,False,3
P10_C2_G80_Recorte_Recorte_C_3.3.tiff,10,80,4.465210209745949,32.4265567118146,False,False,False,3
P10_C2_G80_Recorte_Recorte_C_3.4.tiff,10,80,4.168884730915839,30.2730514652521,False,False,False,3
P10_C2_G80_Recorte_Recorte_C_3.5.tiff,10,80,3.995281513398732,26.58377499521855,False,False,False,3
P10_C2_G80_Recorte_Recorte_C_3.6.tiff,10,80,4.299484652807116,28.10577386422425,False,False,False,3
P5_C1_G120_Recorte_Recorte_A_1.1.tiff,5,120,3.236362325416849,20.97410801045629,False,False,False,5
P5_C1_G120_Recorte_Recorte_A_1.2.tiff,5,120,3.054029398278813,20.35886930761556,False,False,False,5
P5_C1_G120_Recorte_Recorte_A_1.3.tiff,5,120,2.650320819213826,18.81603863553885,False,False,False,5
P5_C1_G120_Recorte_Recorte_A_1.4.tiff,5,120,2.570177299233294,21.47980081881831,False,False,False,5
P5_C1_G120_Recorte_Recorte_A_1.5.tiff,5,120,2.709475162755745,20.48045235627216,False,False,False,5
P5_C1_G120_Recorte_Recorte_A_1.6.tiff,5,120,2.686568521859299,19.77917653620307,False,False,False,5
P5_C1_G120_Recorte_Recorte_B_2.1.tiff,5,120,3.104092676434956,23.23129690452159,False,False,False,5
P5_C1_G120_Recorte_Recorte_B_2.2.tiff,5,120,2.881005245769445,20.66754563243713,False,False,False,5
P5_C1_G120_Recorte_Recorte_B_2.3.tiff,5,120,3.00846282643553,21.50942670011888,False,False,False,5
P5_C1_G120_Recorte_Recorte_B_2.4.tiff,5,120,2.977984871119614,23.05514623184111,False,False,False,5
P5_C1_G120_Recorte_Recorte_B_2.5.tiff,5,120,3.216118444684406,24.17709316012298,False,False,False,5
P5_C1_G120_Recorte_Recorte_B_2.6.tiff,5,120,2.948594505406094,24.84869070852489,False,False,False,5
P5_C1_G120_Recorte_Recorte_C_3.1.tiff,5,120,3.281765731622944,26.13051435959328,False,False,False,5
P5_C1_G120_Recorte_Recorte_C_3.2.tiff,5,120,3.789675374788385,24.24619894808067,False,False,False,5
P5_C1_G120_Recorte_Recorte_C_3.3.tiff,5,120,3.787728698378175,25.66676883910842,False,False,False,5
P5_C1_G120_Recorte_Recorte_C_3.4.tiff,5,120,3.302614324365324,25.04311819435699,False,False,False,5
P5_C1_G120_Recorte_Recorte_C_3.5.tiff,5,120,3.913101681595875,28.51966120969806,False,False,False,5
P5_C1_G180_Recorte_Recorte_A_1.1.tiff,5,180,2.438100061578879,18.01667438946758,False,False,False,5
P5_C1_G180_Recorte_Recorte_A_1.2.tiff,5,180,2.502994859164613,18.30836667656576,False,False,False,5
P5_C1_G180_Recorte_Recorte_A_1.3.tiff,5,180,2.457470841163162,17.34863456059336,False,False,False,5
P5_C1_G180_Recorte_Recorte_A_1.4.tiff,5,180,2.346151391036596,18.36672086679161,False,False,False,5
P5_C1_G180_Recorte_Recorte_A_1.5.tiff,5,180,2.459909296375285,19.49221608950419,False,False,False,5
P5_C1_G180_Recorte_Recorte_A_1.6.tiff,5,180,2.862557752365066,23.44421388544887,False,False,False,5
P5_C1_G180_Recorte_Recorte_B_2.1.tiff,5,180,2.455317691727362,20.74594233563045,False,False,False,5
P5_C1_G180_Recorte_Recorte_B_2.2.tiff,5,180,2.982498927200211,21.83464919131844,False,False,False,5
P5_C1_G180_Recorte_Recorte_B_2.3.tiff,5,180,3.098729775862574,24.56847745890164,False,False,False,5
P5_C1_G180_Recorte_Recorte_B_2.4.tiff,5,180,2.908100447070563,22.94424091142209,False,False,False,5
P5_C1_G180_Recorte_Recorte_B_2.5.tiff,5,180,3.159668232352778,24.19463254608111,False,False,False,5
P5_C1_G180_Recorte_Recorte_B_2.6.tiff,5,180,3.209660629988532,27.35883121816234,False,False,False,5
P5_C1_G180_Recorte_Recorte_C_3.1.tiff,5,180,2.763439919053167,19.55732721069959,False,False,False,5
P5_C1_G180_Recorte_Recorte_C_3.2.tiff,5,180,3.29406301579889,25.22982284549526,False,False,False,5
P5_C1_G180_Recorte_Recorte_C_3.3.tiff,5,180,3.544004848945281,25.75033856846514,False,False,False,5
P5_C1_G180_Recorte_Recorte_C_3.4.tiff,5,180,3.127298348838409,25.76866860834861,False,False,False,5
P5_C1_G180_Recorte_Recorte_C_3.5.tiff,5,180,3.174379624893036,26.10472723979549,False,False,False,5
P5_C1_G180_Recorte_Recorte_C_3.6.tiff,5,180,3.414290270401426,26.97757593331993,False,False,False,5
P5_C1_G40_Recorte_Recorte_A_1.1.tiff,5,40,5.231994237353284,38.60660294342232,False,False,False,5
P5_C1_G40_Recorte_Recorte_A_1.2.tiff,5,40,5.602590020447916,37.10004032823728,False,False,False,5
P5_C1_G40_Recorte_Recorte_A_1.3.tiff,5,40,5.313562815852932,35.30942885726273,False,False,False,5
P5_C1_G40_Recorte_Recorte_A_1.4.tiff,5,40,4.834766504613131,31.58284645069752,False,False,False,5
P5_C1_G40_Recorte_Recorte_A_1.5.tiff,5,40,5.507172719962117,37.06615160763764,False,False,False,5
P5_C1_G40_Recorte_Recorte_A_1.6.tiff,5,40,7.2334586269149,49.59089822757458,False,False,False,5
P5_C1_G40_Recorte_Recorte_B_2.1.tiff,5,40,4.760763868981496,33.13710631840816,False,False,False,5
P5_C1_G40_Recorte_Recorte_B_2.2.tiff,5,40,5.28819749213099,36.76386403104938,False,False,False,5
P5_C1_G40_Recorte_Recorte_B_2.3.tiff,5,40,5.775577131499286,37.89484166049637,False,False,False,5
P5_C1_G40_Recorte_Recorte_B_2.4.tiff,5,40,5.254582416306977,35.84207567819798,False,False,False,5
P5_C1_G40_Recorte_Recorte_B_2.5.tiff,5,40,5.906875178499966,39.78205792998212,False,False,False,5
P5_C1_G40_Recorte_Recorte_B_2.6.tiff,5,40,5.673933365466438,38.24743806020184,False,False,False,5
P5_C1_G40_Recorte_Recorte_C_3.1.tiff,5,40,5.554635850851797,34.09449200055811,False,False,False,5
P5_C1_G40_Recorte_Recorte_C_3.2.tiff,5,40,5.751528449667796,34.33383132181454,False,False,False,5
P5_C1_G40_Recorte_Recorte_C_3.3.tiff,5,40,5.739399577196781,35.9759851728321,False,False,False,5
P5_C1_G40_Recorte_Recorte_C_3.4.tiff,5,40,5.473037711946438,37.51144428634933,False,False,False,5
P5_C1_G40_Recorte_Recorte_C_3.5.tiff,5,40,6.176823902503292,39.50205885072486,False,False,False,5
P5_C1_G40_Recorte_Recorte_C_3.6.tiff,5,40,6.176823902503292,39.50205885072486,False,False,False,5
P5_C1_G80_Recorte_Recorte_A_1.1.tiff,5,80,4.573653216487805,33.22095334126494,False,False,False,5
P5_C1_G80_Recorte_Recorte_A_1.2.tiff,5,80,4.600311741947825,31.84218915084309,False,False,False,5
P5_C1_G80_Recorte_Recorte_A_1.3.tiff,5,80,3.987442504861443,28.07508051113994,False,False,False,5
P5_C1_G80_Recorte_Recorte_A_1.4.tiff,5,80,4.018093165050105,28.0120578808211,False,False,False,5
P5_C1_G80_Recorte_Recorte_A_1.5.tiff,5,80,4.145164291870758,28.73836817043858,False,False,False,5
P5_C1_G80_Recorte_Recorte_A_1.6.tiff,5,80,4.795800734352439,33.0529913419689,False,False,False,5
P5_C1_G80_Recorte_Recorte_B_2.1.tiff,5,80,4.080397222129649,27.45361731951213,False,False,False,5
P5_C1_G80_Recorte_Recorte_B_2.2.tiff,5,80,4.387581188656688,30.60363997622111,False,False,False,5
P5_C1_G80_Recorte_Recorte_B_2.3.tiff,5,80,4.001122369097692,28.00355004168075,False,False,False,5
P5_C1_G80_Recorte_Recorte_B_2.4.tiff,5,80,4.85570056882586,38.54688900165397,False,False,False,5
P5_C1_G80_Recorte_Recorte_B_2.5.tiff,5,80,4.494906892027409,32.56221957630211,False,False,False,5
P5_C1_G80_Recorte_Recorte_B_2.6.tiff,5,80,4.38417315382572,30.41572806175042,False,False,False,5
P5_C1_G80_Recorte_Recorte_C_3.1.tiff,5,80,4.293097734826964,30.87310885219811,False,False,False,5
P5_C1_G80_Recorte_Recorte_C_3.2.tiff,5,80,4.208112571849767,30.36942981105455,False,False,False,5
P5_C1_G80_Recorte_Recorte_C_3.3.tiff,5,80,4.393962674327442,31.67803032895297,False,False,False,5
P5_C1_G80_Recorte_Recorte_C_3.4.tiff,5,80,4.534144908896352,30.38204408742336,False,False,False,5
P5_C1_G80_Recorte_Recorte_C_3.5.tiff,5,80,4.563179559017098,30.03995409876935,False,False,False,5
P5_C1_G80_Recorte_Recorte_C_3.6.tiff,5,80,4.972854306887126,33.95218694668392,False,False,False,5
P5_C2_G120_Recorte_Recorte_A_1.1.tiff,5,120,2.925052222832332,22.83532089458669,False,False,False,5
P5_C2_G120_Recorte_Recorte_A_1.2.tiff,5,120,3.136864517677417,21.00492204152133,False,False,False,5
P5_C2_G120_Recorte_Recorte_A_1.3.tiff,5,120,2.973064839329311,24.51987765429006,False,False,False,5
P5_C2_G120_Recorte_Recorte_A_1.4.tiff,5,120,2.818223988323697,22.86824645142227,False,False,False,5
P5_C2_G120_Recorte_Recorte_A_1.5.tiff,5,120,2.994459676277979,23.63886239901225,False,False,False,5
P5_C2_G120_Recorte_Recorte_A_1.6.tiff,5,120,2.911699831574353,22.0560545780258,False,False,False,5
P5_C2_G120_Recorte_Recorte_B_2.1.tiff,5,120,2.613307022460672,20.52590986246617,False,False,False,5
P5_C2_G120_Recorte_Recorte_B_2.2.tiff,5,120,3.046540231842404,22.59257464475726,False,False,False,5
P5_C2_G120_Recorte_Recorte_B_2.3.tiff,5,120,2.61127599038401,19.30639203273478,False,False,False,5
P5_C2_G120_Recorte_Recorte_B_2.4.tiff,5,120,2.626789174283033,20.29523502953233,False,False,False,5
P5_C2_G120_Recorte_Recorte_B_2.5.tiff,5,120,2.866173316162363,20.58438437763753,False,False,False,5
P5_C2_G120_Recorte_Recorte_B_2.6.tiff,5,120,2.685565093435156,20.54062561809559,False,False,False,5
P5_C2_G120_Recorte_Recorte_C_3.1.tiff,5,120,2.881017990644114,21.29690516066941,False,False,False,5
P5_C2_G120_Recorte_Recorte_C_3.2.tiff,5,120,3.114143013466512,23.67435735228138,False,False,False,5
P5_C2_G120_Recorte_Recorte_C_3.3.tiff,5,120,3.052589087898962,22.05608558846364,False,False,False,5
P5_C2_G120_Recorte_Recorte_C_3.4.tiff,5,120,3.245179273750192,25.38177412123599,False,False,False,5
P5_C2_G120_Recorte_Recorte_C_3.5.tiff,5,120,3.129374017567839,23.80623406556045,False,False,False,5
P5_C2_G120_Recorte_Recorte_C_3.6.tiff,5,120,2.878524557596117,22.65201065117447,False,False,False,5
P5_C2_G180_Recorte_Recorte_A_1.1.tiff,5,180,2.275962885036197,19.39800741423036,False,False,False,5
P5_C2_G180_Recorte_Recorte_A_1.2.tiff,5,180,2.227707816244868,17.42439652469832,False,False,False,5
P5_C2_G180_Recorte_Recorte_A_1.3.tiff,5,180,2.525805689682743,20.91225719207811,False,False,False,5
P5_C2_G180_Recorte_Recorte_A_1.4.tiff,5,180,2.502651374084918,19.8184792389616,False,False,False,5
P5_C2_G180_Recorte_Recorte_A_1.5.tiff,5,180,2.495561290676382,20.30028720825158,False,False,False,5
P5_C2_G180_Recorte_Recorte_A_1.6.tiff,5,180,2.342074011955674,17.76289489763834,False,False,False,5
P5_C2_G180_Recorte_Recorte_B_2.1.tiff,5,180,2.165554958441418,16.56606734734488,False,False,False,5
P5_C2_G180_Recorte_Recorte_B_2.2.tiff,5,180,2.65135224587413,21.95272764889789,False,False,False,5
P5_C2_G180_Recorte_Recorte_B_2.3.tiff,5,180,2.45436529080682,24.77074796189856,False,False,False,5
P5_C2_G180_Recorte_Recorte_B_2.4.tiff,5,180,2.428431802323495,19.23733451959321,False,False,False,5
P5_C2_G180_Recorte_Recorte_B_2.5.tiff,5,180,2.373809906860612,19.17669449185206,False,False,False,5
P5_C2_G180_Recorte_Recorte_B_2.6.tiff,5,180,2.819244392073935,24.01981383112342,False,False,False,5
P5_C2_G180_Recorte_Recorte_C_3.1.tiff,5,180,2.432935631585524,20.22282658573558,False,False,False,5
P5_C2_G180_Recorte_Recorte_C_3.2.tiff,5,180,2.399037088216642,20.33382856293138,False,False,False,5
P5_C2_G180_Recorte_Recorte_C_3.3.tiff,5,180,2.504748964844744,20.67781583264203,False,False,False,5
P5_C2_G180_Recorte_Recorte_C_3.4.tiff,5,180,2.801303081270837,23.36519608571518,False,False,False,5
P5_C2_G180_Recorte_Recorte_C_3.5.tiff,5,180,2.082493633029142,15.78266331610274,False,False,False,5
P5_C2_G180_Recorte_Recorte_C_3.6.tiff,5,180,2.35120537681878,22.08560425632133,False,False,False,5
P5_C2_G40_Recorte_Recorte_A_1.1.tiff,5,40,5.713584538015845,36.5706375881111,False,False,False,5
P5_C2_G40_Recorte_Recorte_A_1.2.tiff,5,40,5.3138898750496,33.25535819290765,False,False,False,5
P5_C2_G40_Recorte_Recorte_A_1.3.tiff,5,40,5.367826814548072,39.74511765840258,False,False,False,5
P5_C2_G40_Recorte_Recorte_A_1.4.tiff,5,40,5.70638517339786,33.48743052205785,False,False,False,5
P5_C2_G40_Recorte_Recorte_A_1.5.tiff,5,40,5.714219623895824,34.7419947453122,False,False,False,5
P5_C2_G40_Recorte_Recorte_A_1.6.tiff,5,40,5.062920082216296,30.12863846618709,False,False,False,5
P5_C2_G40_Recorte_Recorte_B_2.1.tiff,5,40,6.493750251360896,39.15746624323854,False,False,False,5
P5_C2_G40_Recorte_Recorte_B_2.2.tiff,5,40,7.890181756578825,47.97596562674801,False,False,False,5
P5_C2_G40_Recorte_Recorte_B_2.3.tiff,5,40,7.209641141364639,45.81032923351813,False,False,False,5
P5_C2_G40_Recorte_Recorte_B_2.4.tiff,5,40,6.696539150867489,41.98537075193963,False,False,False,5
P5_C2_G40_Recorte_Recorte_B_2.5.tiff,5,40,5.838593207100518,43.21588658952334,False,False,False,5
P5_C2_G40_Recorte_Recorte_B_2.6.tiff,5,40,6.464283604520528,38.63710597004653,False,False,False,5
P5_C2_G40_Recorte_Recorte_C_3.1.tiff,5,40,7.428416709640826,42.61074214999086,False,False,False,5
P5_C2_G40_Recorte_Recorte_C_3.2.tiff,5,40,7.928362874256019,46.14377886740719,False,False,False,5
P5_C2_G40_Recorte_Recorte_C_3.3.tiff,5,40,5.676874776259424,33.22950034809418,False,False,False,5
P5_C2_G40_Recorte_Recorte_C_3.4.tiff,5,40,6.996521263989722,44.49911329131298,False,False,False,5
P5_C2_G40_Recorte_Recorte_C_3.5.tiff,5,40,8.098366218584632,46.73829258079986,False,False,False,5
P5_C2_G40_Recorte_Recorte_C_3.6.tiff,5,40,6.131832421966873,37.78656151643366,False,False,False,5
P5_C2_G80_Recorte_Recorte_A_1.1.tiff,5,80,4.10459574930743,26.75383299209758,False,False,False,5
P5_C2_G80_Recorte_Recorte_A_1.2.tiff,5,80,4.126019743481349,28.59030134542424,False,False,False,5
P5_C2_G80_Recorte_Recorte_A_1.3.tiff,5,80,3.710408441383881,25.33135188906329,False,False,False,5
P5_C2_G80_Recorte_Recorte_A_1.4.tiff,5,80,3.74757539312925,24.17052852681397,False,False,False,5
P5_C2_G80_Recorte_Recorte_A_1.5.tiff,5,80,4.281941849806494,26.41551580539953,False,False,False,5
P5_C2_G80_Recorte_Recorte_A_1.6.tiff,5,80,3.509338234964915,25.18822962777829,False,False,False,5
P5_C2_G80_Recorte_Recorte_B_2.1.tiff,5,80,4.236919427207466,28.44591621872733,False,False,False,5
P5_C2_G80_Recorte_Recorte_B_2.2.tiff,5,80,4.606698517991863,34.09894198330095,False,False,False,5
P5_C2_G80_Recorte_Recorte_B_2.3.tiff,5,80,4.653946675570763,28.49357595474015,False,False,False,5
P5_C2_G80_Recorte_Recorte_B_2.4.tiff,5,80,4.676323790762678,35.23066183426552,False,False,False,5
P5_C2_G80_Recorte_Recorte_B_2.5.tiff,5,80,5.038246498801413,36.31993962127763,False,False,False,5
P5_C2_G80_Recorte_Recorte_B_2.6.tiff,5,80,4.333504187009123,33.67729520134511,False,False,False,5
P5_C2_G80_Recorte_Recorte_C_3.1.tiff,5,80,4.724750012673813,32.83796477332587,False,False,False,5
P5_C2_G80_Recorte_Recorte_C_3.2.tiff,5,80,4.711973983628609,30.71085863248907,False,False,False,5
P5_C2_G80_Recorte_Recorte_C_3.3.tiff,5,80,4.081144044644051,30.31001123411916,False,False,False,5
P5_C2_G80_Recorte_Recorte_C_3.4.tiff,5,80,4.339385313124332,36.2145626924944,False,False,False,5
P5_C2_G80_Recorte_Recorte_C_3.5.tiff,5,80,4.171634877055536,27.36912835649077,False,False,False,5
P5_C2_G80_Recorte_Recorte_C_3.6.tiff,5,80,4.621016992516014,32.94829979162449,False,False,False,5
P6_C1_G120_Recorte_Recorte_A_1.1.tiff,6,120,2.736213376835908,20.30827010740258,False,False,False,6
P6_C1_G120_Recorte_Recorte_A_1.2.tiff,6,120,3.12784388964219,22.33809787023944,False,False,False,6
P6_C1_G120_Recorte_Recorte_A_1.3.tiff,6,120,3.036087000390722,23.91454363917649,False,False,False,6
P6_C1_G120_Recorte_Recorte_A_1.4.tiff,6,120,3.248865193956497,24.93218252923418,False,False,False,6
P6_C1_G120_Recorte_Recorte_A_1.5.tiff,6,120,3.373945282437604,26.3033995635389,False,False,False,6
P6_C1_G120_Recorte_Recorte_A_1.6.tiff,6,120,3.044357801952212,21.59151550596311,False,False,False,6
P6_C1_G120_Recorte_Recorte_B_2.1.tiff,6,120,3.318472946501552,27.27850531246838,False,False,False,6
P6_C1_G120_Recorte_Recorte_B_2.2.tiff,6,120,3.870184729309351,26.1154421279313,False,False,False,6
P6_C1_G120_Recorte_Recorte_B_2.3.tiff,6,120,3.871491900284822,30.04656214458928,False,False,False,6
P6_C1_G120_Recorte_Recorte_B_2.4.tiff,6,120,3.382496983457488,25.23208767538833,False,False,False,6
P6_C1_G120_Recorte_Recorte_B_2.5.tiff,6,120,2.813202124839469,21.56077243908693,False,False,False,6
P6_C1_G120_Recorte_Recorte_B_2.6.tiff,6,120,2.677527963458952,20.51775444397952,False,False,False,6
P6_C1_G120_Recorte_Recorte_C_3.1.tiff,6,120,3.480870058361529,28.32126075285174,False,False,False,6
P6_C1_G120_Recorte_Recorte_C_3.2.tiff,6,120,3.46273391182489,26.64235376806029,False,False,False,6
P6_C1_G120_Recorte_Recorte_C_3.3.tiff,6,120,3.279542681807249,27.45507413882599,False,False,False,6
P6_C1_G120_Recorte_Recorte_C_3.4.tiff,6,120,3.343121431319486,23.3512998787471,False,False,False,6
P6_C1_G120_Recorte_Recorte_C_3.5.tiff,6,120,2.887335970040799,21.84357297866426,False,False,False,6
P6_C1_G120_Recorte_Recorte_C_3.6.tiff,6,120,2.75178628081039,19.85321063218046,False,False,False,6
P6_C1_G180_Recorte_Recorte_A_1.1.tiff,6,180,3.34924719325402,25.85128604313831,False,False,False,6
P6_C1_G180_Recorte_Recorte_A_1.2.tiff,6,180,2.642192267128839,23.79114688739667,False,False,False,6
P6_C1_G180_Recorte_Recorte_A_1.3.tiff,6,180,2.921769827399501,23.05527525253525,False,False,False,6
P6_C1_G180_Recorte_Recorte_A_1.4.tiff,6,180,4.153790298720525,33.35104201136987,True,False,True,0
P6_C1_G180_Recorte_Recorte_A_1.5.tiff,6,180,3.631406805452731,25.6976735041358,False,False,False,6
P6_C1_G180_Recorte_Recorte_A_1.6.tiff,6,180,3.304957018920324,26.33940796934273,False,False,False,6
P6_C1_G180_Recorte_Recorte_B_2.1.tiff,6,180,3.063958373687611,24.36155861089719,False,False,False,6
P6_C1_G180_Recorte_Recorte_B_2.2.tiff,6,180,2.671683032017484,19.33156875888573,False,False,False,6
P6_C1_G180_Recorte_Recorte_B_2.3.tiff,6,180,2.740921816611114,23.7069197121244,False,False,False,6
P6_C1_G180_Recorte_Recorte_B_2.4.tiff,6,180,2.966828832798928,21.75915442772761,False,False,False,6
P6_C1_G180_Recorte_Recorte_B_2.5.tiff,6,180,3.338260860892166,25.87247926302475,False,False,False,6
P6_C1_G180_Recorte_Recorte_B_2.6.tiff,6,180,3.506870938381391,29.03465527070534,False,False,False,6
P6_C1_G180_Recorte_Recorte_C_3.1.tiff,6,180,3.512876031128398,28.0813574250315,False,False,False,6
P6_C1_G180_Recorte_Recorte_C_3.2.tiff,6,180,2.860526613548226,22.10531262417934,False,False,False,6
P6_C1_G180_Recorte_Recorte_C_3.3.tiff,6,180,3.253871868151958,26.08791493719805,False,False,False,6
P6_C1_G180_Recorte_Recorte_C_3.4.tiff,6,180,3.780056921404865,29.782327650402,False,False,False,6
P6_C1_G180_Recorte_Recorte_C_3.5.tiff,6,180,3.033310118740056,24.08845468709276,False,False,False,6
P6_C1_G180_Recorte_Recorte_C_3.6.tiff,6,180,2.364883588563736,18.04108020974555,False,False,False,6
P6_C1_G40_Recorte_Recorte_A_1.1.tiff,6,40,4.886504575353348,30.71219821931079,False,False,False,6
P6_C1_G40_Recorte_Recorte_A_1.2.tiff,6,40,4.458834868138918,30.87778700834832,False,False,False,6
P6_C1_G40_Recorte_Recorte_A_1.3.tiff,6,40,5.134002883967005,30.02924425606589,False,False,False,6
P6_C1_G40_Recorte_Recorte_A_1.4.tiff,6,40,6.691686418289189,42.14816238082909,False,False,False,6
P6_C1_G40_Recorte_Recorte_A_1.5.tiff,6,40,6.575578964084255,34.80580973975798,False,False,False,6
P6_C1_G40_Recorte_Recorte_A_1.6.tiff,6,40,6.697650547125498,40.01484151514421,False,False,False,6
P6_C1_G40_Recorte_Recorte_B_2.1.tiff,6,40,8.026719905270227,47.33825386839042,False,False,False,6
P6_C1_G40_Recorte_Recorte_B_2.2.tiff,6,40,8.9720465219696,50.60595532356951,False,False,False,6
P6_C1_G40_Recorte_Recorte_B_2.3.tiff,6,40,6.958721708188673,40.38173408368611,False,False,False,6
P6_C1_G40_Recorte_Recorte_B_2.4.tiff,6,40,7.369693542693781,46.80767764001239,False,False,False,6
P6_C1_G40_Recorte_Recorte_B_2.5.tiff,6,40,7.691443158747028,53.53466354011272,False,False,False,6
P6_C1_G40_Recorte_Recorte_B_2.6.tiff,6,40,7.905219274834701,47.79425033270487,False,False,False,6
P6_C1_G40_Recorte_Recorte_C_3.1.tiff,6,40,9.03722424239608,60.36130953978829,False,False,False,6
P6_C1_G40_Recorte_Recorte_C_3.2.tiff,6,40,8.613867279079347,56.41767460727524,False,False,False,6
P6_C1_G40_Recorte_Recorte_C_3.3.tiff,6,40,6.733455484343939,42.91699216186854,False,False,False,6
P6_C1_G40_Recorte_Recorte_C_3.5.tiff,6,40,9.25734941579841,62.40497741640767,False,False,False,6
P6_C1_G40_Recorte_Recorte_C_3.6.tiff,6,40,7.635336344600465,50.94052791653323,False,False,False,6
P6_C1_G80_Recorte_Recorte_A_1.1.tiff,6,80,4.78582285102235,33.49828531068846,False,False,False,6
P6_C1_G80_Recorte_Recorte_A_1.2.tiff,6,80,4.526915063433128,29.58747473363125,False,False,False,6
P6_C1_G80_Recorte_Recorte_A_1.3.tiff,6,80,4.30695811361949,28.13961499415675,False,False,False,6
P6_C1_G80_Recorte_Recorte_A_1.4.tiff,6,80,4.079618310557193,27.45857518916943,False,False,False,6
P6_C1_G80_Recorte_Recorte_A_1.5.tiff,6,80,3.979992393370425,27.47042501590293,False,False,False,6
P6_C1_G80_Recorte_Recorte_A_1.6.tiff,6,80,4.768499681339146,31.81988923418974,False,False,False,6
P6_C1_G80_Recorte_Recorte_B_2.1.tiff,6,80,4.704718255662135,32.85236507136449,False,False,False,6
P6_C1_G80_Recorte_Recorte_B_2.2.tiff,6,80,5.069091820505424,36.2470026778361,False,False,False,6
P6_C1_G80_Recorte_Recorte_B_2.3.tiff,6,80,3.702001487474879,24.90586833140792,False,False,False,6
P6_C1_G80_Recorte_Recorte_B_2.4.tiff,6,80,3.902052673234239,26.84617807358556,False,False,False,6
P6_C1_G80_Recorte_Recorte_B_2.5.tiff,6,80,4.445855676632774,37.60812506352168,False,False,False,6
P6_C1_G80_Recorte_Recorte_B_2.6.tiff,6,80,4.552433888680359,31.82576552533012,False,False,False,6
P6_C1_G80_Recorte_Recorte_C_3.1.tiff,6,80,4.991607411907737,32.15445254362236,False,False,False,6
P6_C1_G80_Recorte_Recorte_C_3.2.tiff,6,80,5.443951813307514,37.7622918963752,False,False,False,6
P6_C1_G80_Recorte_Recorte_C_3.3.tiff,6,80,4.087426596849102,29.39769850437953,False,False,False,6
P6_C1_G80_Recorte_Recorte_C_3.4.tiff,6,80,5.203689852622478,39.66453909156912,False,False,False,6
P6_C1_G80_Recorte_Recorte_C_3.5.tiff,6,80,5.203689852622478,39.66453909156912,False,False,False,6
P6_C1_G80_Recorte_Recorte_C_3.6.tiff,6,80,4.857335411307894,35.10432050743349,False,False,False,6
P6_C2_G120_Recorte_Recorte_A_1.1.tiff,6,120,2.581598761619731,19.5101961278219,False,False,False,6
P6_C2_G120_Recorte_Recorte_A_1.2.tiff,6,120,2.505868169393436,17.68553031096315,False,False,False,6
P6_C2_G120_Recorte_Recorte_A_1.3.tiff,6,120,2.521134349602275,17.46770108741664,False,False,False,6
P6_C2_G120_Recorte_Recorte_A_1.4.tiff,6,120,2.499280606823392,18.92404336728605,False,False,False,6
P6_C2_G120_Recorte_Recorte_A_1.5.tiff,6,120,2.548368899018751,18.52571197352074,False,False,False,6
P6_C2_G120_Recorte_Recorte_A_1.6.tiff,6,120,2.435211185801227,19.16206893657685,False,False,False,6
P6_C2_G120_Recorte_Recorte_B_2.1.tiff,6,120,2.931412134534931,22.07314762850108,False,False,False,6
P6_C2_G120_Recorte_Recorte_B_2.2.tiff,6,120,2.656525157386474,20.55418665795175,False,False,False,6
P6_C2_G120_Recorte_Recorte_B_2.3.tiff,6,120,2.664210832946669,20.33180439281808,False,False,False,6
P6_C2_G120_Recorte_Recorte_B_2.4.tiff,6,120,2.592084660717616,21.17086446780809,False,False,False,6
P6_C2_G120_Recorte_Recorte_B_2.5.tiff,6,120,2.516044829704078,17.95392596266281,False,False,False,6
P6_C2_G120_Recorte_Recorte_B_2.6.tiff,6,120,2.924335741295538,20.33426236084342,False,False,False,6
P6_C2_G120_Recorte_Recorte_C_3.1.tiff,6,120,2.921054729991927,21.58799906015879,False,False,False,6
P6_C2_G120_Recorte_Recorte_C_3.2.tiff,6,120,2.74423598318244,19.17233949434724,False,False,False,6
P6_C2_G120_Recorte_Recorte_C_3.3.tiff,6,120,2.735540273188712,21.00040784376075,False,False,False,6
P6_C2_G120_Recorte_Recorte_C_3.4.tiff,6,120,3.145819878499482,22.20247974140495,False,False,False,6
P6_C2_G120_Recorte_Recorte_C_3.5.tiff,6,120,2.947342645878674,19.58676954195005,False,False,False,6
P6_C2_G120_Recorte_Recorte_C_3.6.tiff,6,120,2.827498754942587,20.90217669053523,False,False,False,6
P6_C2_G180_Recorte_Recorte_A_1.1.tiff,6,180,2.102057090537814,17.20731333780921,False,False,False,6
P6_C2_G180_Recorte_Recorte_A_1.2.tiff,6,180,1.750120784205004,15.43412251699829,False,False,False,6
P6_C2_G180_Recorte_Recorte_A_1.3.tiff,6,180,2.101429475718013,15.62833140876955,False,False,False,6
P6_C2_G180_Recorte_Recorte_A_1.4.tiff,6,180,2.303650735156523,23.41457307876576,False,False,False,6
P6_C2_G180_Recorte_Recorte_A_1.5.tiff,6,180,1.810288767287105,12.96532256307569,True,False,True,0
P6_C2_G180_Recorte_Recorte_A_1.6.tiff,6,180,2.003627557851993,14.99749929214538,False,False,False,6
P6_C2_G180_Recorte_Recorte_B_2.1.tiff,6,180,1.750329561477498,14.51110254506473,False,False,False,6
P6_C2_G180_Recorte_Recorte_B_2.2.tiff,6,180,2.117646088258603,20.38408014544975,False,False,False,6
P6_C2_G180_Recorte_Recorte_B_2.3.tiff,6,180,2.38363752394673,19.93266376096704,False,False,False,6
P6_C2_G180_Recorte_Recorte_B_2.4.tiff,6,180,2.292573024742232,21.23041660912929,False,False,False,6
P6_C2_G180_Recorte_Recorte_B_2.5.tiff,6,180,2.010466562687552,19.56459094931436,False,False,False,6
P6_C2_G180_Recorte_Recorte_B_2.6.tiff,6,180,2.365169126983019,19.36767145860503,False,False,False,6
P6_C2_G180_Recorte_Recorte_C_3.1.tiff,6,180,2.257123688128428,17.57088303002671,False,False,False,6
P6_C2_G180_Recorte_Recorte_C_3.2.tiff,6,180,2.462971172155922,21.78219164673713,False,False,False,6
P6_C2_G180_Recorte_Recorte_C_3.3.tiff,6,180,2.665130558894546,22.72442850237864,False,False,False,6
P6_C2_G180_Recorte_Recorte_C_3.4.tiff,6,180,2.691773499981542,21.87698583446391,False,False,False,6
P6_C2_G180_Recorte_Recorte_C_3.5.tiff,6,180,2.419893336178824,21.34673707791492,False,False,False,6
P6_C2_G180_Recorte_Recorte_C_3.6.tiff,6,180,2.500946736043981,22.01171846538772,False,False,False,6
P6_C2_G40_Recorte_Recorte_A_1.1.tiff,6,40,5.929181379037137,40.09678977140935,False,False,False,6
P6_C2_G40_Recorte_Recorte_A_1.2.tiff,6,40,5.560517687260365,36.94219208131847,False,False,False,6
P6_C2_G40_Recorte_Recorte_A_1.3.tiff,6,40,5.640859559065439,43.62144332527995,False,False,False,6
P6_C2_G40_Recorte_Recorte_A_1.4.tiff,6,40,7.362359632905015,46.26675504304242,False,False,False,6
P6_C2_G40_Recorte_Recorte_A_1.5.tiff,6,40,7.288442835142399,44.93707080740048,False,False,False,6
P6_C2_G40_Recorte_Recorte_A_1.6.tiff,6,40,6.038439418378735,42.90362121034835,False,False,False,6
P6_C2_G40_Recorte_Recorte_B_2.1.tiff,6,40,5.408193863683645,35.94498366984637,False,False,False,6
P6_C2_G40_Recorte_Recorte_B_2.2.tiff,6,40,6.426710903147724,36.79431326122753,False,False,False,6
P6_C2_G40_Recorte_Recorte_B_2.3.tiff,6,40,5.668180235289975,32.16335957815505,False,False,False,6
P6_C2_G40_Recorte_Recorte_B_2.4.tiff,6,40,5.769656732833019,35.95136629423351,False,False,False,6
P6_C2_G40_Recorte_Recorte_B_2.5.tiff,6,40,5.517010316325429,33.239825893779,False,False,False,6
P6_C2_G40_Recorte_Recorte_B_2.6.tiff,6,40,5.305037599901349,35.73197199275426,False,False,False,6
P6_C2_G40_Recorte_Recorte_C_3.1.tiff,6,40,4.558749251374429,31.56470196470605,False,False,False,6
P6_C2_G40_Recorte_Recorte_C_3.2.tiff,6,40,4.799769497301247,31.23505178874491,False,False,False,6
P6_C2_G40_Recorte_Recorte_C_3.3.tiff,6,40,5.152163439549217,33.64203921343869,False,False,False,6
P6_C2_G40_Recorte_Recorte_C_3.4.tiff,6,40,5.368090655223225,38.8553962176024,False,False,False,6
P6_C2_G40_Recorte_Recorte_C_3.5.tiff,6,40,5.016788183429408,32.79532580886569,False,False,False,6
P6_C2_G40_Recorte_Recorte_C_3.6.tiff,6,40,4.819506677663297,30.40358694831411,False,False,False,6
P6_C2_G80_Recorte_Recorte_A_1.1.tiff,6,80,3.48660591124154,25.07822392573571,False,False,False,6
P6_C2_G80_Recorte_Recorte_A_1.2.tiff,6,80,3.858969593600325,24.92116925684649,False,False,False,6
P6_C2_G80_Recorte_Recorte_A_1.3.tiff,6,80,3.413221765518921,24.97394057139543,False,False,False,6
P6_C2_G80_Recorte_Recorte_A_1.4.tiff,6,80,3.380084685386251,23.60030040033931,False,False,False,6
P6_C2_G80_Recorte_Recorte_A_1.5.tiff,6,80,4.044149191848893,26.96822753497225,False,False,False,6
P6_C2_G80_Recorte_Recorte_A_1.6.tiff,6,80,4.016869946729408,28.41394161773625,False,False,False,6
P6_C2_G80_Recorte_Recorte_B_2.1.tiff,6,80,4.383435089658126,32.24739772917624,False,False,False,6
P6_C2_G80_Recorte_Recorte_B_2.2.tiff,6,80,4.561088081695649,32.24507577157264,False,False,False,6
P6_C2_G80_Recorte_Recorte_B_2.3.tiff,6,80,4.204900047349846,27.45157800321173,False,False,False,6
P6_C2_G80_Recorte_Recorte_B_2.4.tiff,6,80,4.876555177569388,30.9966792579146,False,False,False,6
P6_C2_G80_Recorte_Recorte_B_2.5.tiff,6,80,3.870757829179764,27.88609353629416,False,False,False,6
P6_C2_G80_Recorte_Recorte_B_2.6.tiff,6,80,4.07045589731671,25.8129338559308,False,False,False,6
P6_C2_G80_Recorte_Recorte_C_3.1.tiff,6,80,3.585215558549041,23.77832237928936,False,False,False,6
P6_C2_G80_Recorte_Recorte_C_3.2.tiff,6,80,4.402271890876645,27.83262218448389,False,False,False,6
P6_C2_G80_Recorte_Recorte_C_3.3.tiff,6,80,4.304149734531253,32.1679844657554,False,False,False,6
P6_C2_G80_Recorte_Recorte_C_3.4.tiff,6,80,4.308467106264715,27.38628675726795,False,False,False,6
P6_C2_G80_Recorte_Recorte_C_3.5.tiff,6,80,4.373970546292473,34.10836123832306,False,False,False,6
P6_C2_G80_Recorte_Recorte_C_3.6.tiff,6,80,4.726483746792393,30.15392383312511,False,False,False,6
P7_C1_G120_Recorte_Recorte_A1_1.1.tiff,7,120,2.857875628470867,22.41219225164581,False,False,False,2
P7_C1_G120_Recorte_Recorte_A1_1.2.tiff,7,120,3.185033472049046,25.09424534805496,False,False,False,2
P7_C1_G120_Recorte_Recorte_A1_1.3.tiff,7,120,2.996226081092304,22.56968931270705,False,False,False,2
P7_C1_G120_Recorte_Recorte_A1_1.4.tiff,7,120,3.101832827956427,24.84129415490222,False,False,False,2
P7_C1_G120_Recorte_Recorte_A1_1.5.tiff,7,120,2.741264026820027,21.51494807862715,False,False,False,2
P7_C1_G120_Recorte_Recorte_A1_1.6.tiff,7,120,2.956262104170041,21.69243350637316,False,False,False,2
P7_C1_G120_Recorte_Recorte_A2_1.1.tiff,7,120,2.857875628470867,22.41219225164581,False,False,False,2
P7_C1_G120_Recorte_Recorte_A2_1.2.tiff,7,120,3.185033472049046,25.09424534805496,False,False,False,2
P7_C1_G120_Recorte_Recorte_A2_1.3.tiff,7,120,2.996226081092304,22.56968931270705,False,False,False,2
P7_C1_G120_Recorte_Recorte_A2_1.4.tiff,7,120,3.101832827956427,24.84129415490222,False,False,False,2
P7_C1_G120_Recorte_Recorte_A2_1.5.tiff,7,120,2.741264026820027,21.51494807862715,False,False,False,2
P7_C1_G120_Recorte_Recorte_A2_1.6.tiff,7,120,2.956262104170041,21.69243350637316,False,False,False,2
P7_C1_G120_Recorte_Recorte_B_2.1.tiff,7,120,3.594649879598006,25.50724512000759,False,False,False,2
P7_C1_G120_Recorte_Recorte_B_2.2.tiff,7,120,3.237031895057995,24.55383827702054,False,False,False,2
P7_C1_G120_Recorte_Recorte_B_2.3.tiff,7,120,3.536504011777277,27.13388223260604,False,False,False,2
P7_C1_G120_Recorte_Recorte_B_2.4.tiff,7,120,3.372604334697872,23.76802248789145,False,False,False,2
P7_C1_G120_Recorte_Recorte_B_2.5.tiff,7,120,3.415875820432488,23.10747767794155,False,False,False,2
P7_C1_G120_Recorte_Recorte_B_2.6.tiff,7,120,3.616092433932556,25.6257460500463,False,False,False,2
P7_C1_G120_Recorte_Recorte_C_3.1.tiff,7,120,2.897814725853124,20.85943555276278,False,False,False,2
P7_C1_G120_Recorte_Recorte_C_3.2.tiff,7,120,2.81665605124253,22.92077256057328,False,False,False,2
P7_C1_G120_Recorte_Recorte_C_3.3.tiff,7,120,3.061613133413796,24.24779043778467,False,False,False,2
P7_C1_G120_Recorte_Recorte_C_3.4.tiff,7,120,2.953469330362025,19.7683232901863,False,False,False,2
P7_C1_G120_Recorte_Recorte_C_3.5.tiff,7,120,2.937825984722997,20.14256729814394,False,False,False,2
P7_C1_G120_Recorte_Recorte_C_3.6.tiff,7,120,3.014439388492618,22.86985988287228,False,False,False,2
P7_C1_G180_Recorte_Recorte_A1_1.1.tiff,7,180,2.523665760123517,20.65601072237052,False,False,False,2
P7_C1_G180_Recorte_Recorte_A1_1.2.tiff,7,180,3.243496284682607,29.68208289617556,False,False,False,2
P7_C1_G180_Recorte_Recorte_A1_1.3.tiff,7,180,2.8907246652499,23.52079222338996,False,False,False,2
P7_C1_G180_Recorte_Recorte_A1_1.4.tiff,7,180,2.788237446291215,23.26777896237589,False,False,False,2
P7_C1_G180_Recorte_Recorte_A1_1.5.tiff,7,180,2.818064604947614,22.86269318690657,False,False,False,2
P7_C1_G180_Recorte_Recorte_A1_1.6.tiff,7,180,2.555683415392636,20.23350423959527,False,False,False,2
P7_C1_G180_Recorte_Recorte_A2_1.1.tiff,7,180,2.523665760123517,20.65601072237052,False,False,False,2
P7_C1_G180_Recorte_Recorte_A2_1.2.tiff,7,180,3.243496284682607,29.68208289617556,False,False,False,2
P7_C1_G180_Recorte_Recorte_A2_1.3.tiff,7,180,2.8907246652499,23.52079222338996,False,False,False,2
P7_C1_G180_Recorte_Recorte_A2_1.4.tiff,7,180,2.788237446291215,23.26777896237589,False,False,False,2
P7_C1_G180_Recorte_Recorte_A2_1.5.tiff,7,180,2.818064604947614,22.86269318690657,False,False,False,2
P7_C1_G180_Recorte_Recorte_A2_1.6.tiff,7,180,2.555683415392636,20.23350423959527,False,False,False,2
P7_C1_G180_Recorte_Recorte_B_2.1.tiff,7,180,2.86450360422175,21.79248742698312,False,False,False,2
P7_C1_G180_Recorte_Recorte_B_2.2.tiff,7,180,2.461095053668275,17.40392570257779,False,False,False,2
P7_C1_G180_Recorte_Recorte_B_2.3.tiff,7,180,3.65295728796744,26.70468628672439,False,False,False,2
P7_C1_G180_Recorte_Recorte_B_2.4.tiff,7,180,3.309567943295582,27.95545476679121,False,False,False,2
P7_C1_G180_Recorte_Recorte_B_2.5.tiff,7,180,3.181896454609958,25.18236974494139,False,False,False,2
P7_C1_G180_Recorte_Recorte_B_2.6.tiff,7,180,3.259055873216552,25.67869658176516,False,False,False,2
P7_C1_G180_Recorte_Recorte_C_3.1.tiff,7,180,3.291605332021955,24.50333988867281,False,False,False,2
P7_C1_G180_Recorte_Recorte_C_3.2.tiff,7,180,2.917121363556737,23.525603579077,False,False,False,2
P7_C1_G180_Recorte_Recorte_C_3.3.tiff,7,180,2.82066584979766,26.29901096729142,False,False,False,2
P7_C1_G180_Recorte_Recorte_C_3.4.tiff,7,180,3.19844473458383,24.36132154672146,False,False,False,2
P7_C1_G180_Recorte_Recorte_C_3.5.tiff,7,180,3.471225025213506,27.07446078635069,False,False,False,2
P7_C1_G180_Recorte_Recorte_C_3.6.tiff,7,180,2.759228055659046,22.07057196644674,False,False,False,2
P7_C1_G40_Recorte_Recorte_A1_1.1.tiff,7,40,4.918765331923248,33.68195472387255,False,False,False,2
P7_C1_G40_Recorte_Recorte_A1_1.2.tiff,7,40,6.057548301731551,36.91416198576478,False,False,False,2
P7_C1_G40_Recorte_Recorte_A1_1.3.tiff,7,40,5.966118698704551,40.80722835140072,False,False,False,2
P7_C1_G40_Recorte_Recorte_A1_1.4.tiff,7,40,5.026200715109931,34.94221309355268,False,False,False,2
P7_C1_G40_Recorte_Recorte_A1_1.5.tiff,7,40,5.535744120692786,37.36293701570976,False,False,False,2
P7_C1_G40_Recorte_Recorte_A1_1.6.tiff,7,40,6.119158824361905,41.41489983447494,False,False,False,2
P7_C1_G40_Recorte_Recorte_A2_1.1.tiff,7,40,4.918765331923248,33.68195472387255,False,False,False,2
P7_C1_G40_Recorte_Recorte_A2_1.2.tiff,7,40,6.057548301731551,36.91416198576478,False,False,False,2
P7_C1_G40_Recorte_Recorte_A2_1.3.tiff,7,40,5.966118698704551,40.80722835140072,False,False,False,2
P7_C1_G40_Recorte_Recorte_A2_1.4.tiff,7,40,5.026200715109931,34.94221309355268,False,False,False,2
P7_C1_G40_Recorte_Recorte_A2_1.5.tiff,7,40,5.535744120692786,37.36293701570976,False,False,False,2
P7_C1_G40_Recorte_Recorte_A2_1.6.tiff,7,40,6.119158824361905,41.41489983447494,False,False,False,2
P7_C1_G40_Recorte_Recorte_B_2.1.tiff,7,40,6.02257472569082,34.52476143797097,False,False,False,2
P7_C1_G40_Recorte_Recorte_B_2.2.tiff,7,40,5.297364423738553,32.05282302757039,False,False,False,2
P7_C1_G40_Recorte_Recorte_B_2.3.tiff,7,40,6.203609622411136,46.85453920711311,False,False,False,2
P7_C1_G40_Recorte_Recorte_B_2.4.tiff,7,40,5.980307967588483,37.55383692549089,False,False,False,2
P7_C1_G40_Recorte_Recorte_B_2.5.tiff,7,40,6.568462787037388,41.42899032963466,False,False,False,2
P7_C1_G40_Recorte_Recorte_B_2.6.tiff,7,40,5.991593282726551,40.44782969282831,False,False,False,2
P7_C1_G40_Recorte_Recorte_C_3.1.tiff,7,40,5.700342394618676,34.98201784931129,False,False,False,2
P7_C1_G40_Recorte_Recorte_C_3.2.tiff,7,40,7.310276147636801,48.92786841454949,False,False,False,2
P7_C1_G40_Recorte_Recorte_C_3.3.tiff,7,40,6.87011123397246,45.35909840091976,False,False,False,2
P7_C1_G40_Recorte_Recorte_C_3.4.tiff,7,40,6.732797252566309,40.97093476445344,False,False,False,2
P7_C1_G40_Recorte_Recorte_C_3.5.tiff,7,40,6.203620590838742,36.54937223908669,False,False,False,2
P7_C1_G40_Recorte_Recorte_C_3.6.tiff,7,40,6.779514991790858,37.40797801599411,False,False,False,2
P7_C1_G80_Recorte_Recorte_A1_1.2.tiff,7,80,4.540765932866658,33.16643134959133,False,False,False,2
P7_C1_G80_Recorte_Recorte_A1_1.3.tiff,7,80,4.183361679475852,31.51758495623093,False,False,False,2
P7_C1_G80_Recorte_Recorte_A1_1.4.tiff,7,80,3.943179801348723,28.04521076936856,False,False,False,2
P7_C1_G80_Recorte_Recorte_A1_1.5.tiff,7,80,4.710103597749906,33.68766700697172,False,False,False,2
P7_C1_G80_Recorte_Recorte_A1_1.6.tiff,7,80,4.88102444617721,33.05149919671246,False,False,False,2
P7_C1_G80_Recorte_Recorte_A2_1.2.tiff,7,80,4.540765932866658,33.16643134959133,False,False,False,2
P7_C1_G80_Recorte_Recorte_A2_1.3.tiff,7,80,4.183361679475852,31.51758495623093,False,False,False,2
P7_C1_G80_Recorte_Recorte_A2_1.4.tiff,7,80,3.943179801348723,28.04521076936856,False,False,False,2
P7_C1_G80_Recorte_Recorte_A2_1.5.tiff,7,80,4.710103597749906,33.68766700697172,False,False,False,2
P7_C1_G80_Recorte_Recorte_A2_1.6.tiff,7,80,4.88102444617721,33.05149919671246,False,False,False,2
P7_C1_G80_Recorte_Recorte_B_2.1.tiff,7,80,4.69087509514115,32.67942393289896,False,False,False,2
P7_C1_G80_Recorte_Recorte_B_2.2.tiff,7,80,4.528692593272411,33.40836685184895,False,False,False,2
P7_C1_G80_Recorte_Recorte_B_2.3.tiff,7,80,4.132969129532214,28.17719957773154,False,False,False,2
P7_C1_G80_Recorte_Recorte_B_2.4.tiff,7,80,4.018069968486571,26.06142907612496,False,False,False,2
P7_C1_G80_Recorte_Recorte_B_2.5.tiff,7,80,4.040355829503574,28.33584086702201,False,False,False,2
P7_C1_G80_Recorte_Recorte_B_2.6.tiff,7,80,4.674265610429499,35.66649734887523,False,False,False,2
P7_C1_G80_Recorte_Recorte_C_3.1.tiff,7,80,4.848130108421227,32.97690772401219,False,False,False,2
P7_C1_G80_Recorte_Recorte_C_3.2.tiff,7,80,5.223804309185061,38.23169166776141,False,False,False,2
P7_C1_G80_Recorte_Recorte_C_3.3.tiff,7,80,5.116547101187378,39.11550743890721,False,False,False,2
P7_C1_G80_Recorte_Recorte_C_3.4.tiff,7,80,5.222855609485749,36.15964437429087,False,False,False,2
P7_C1_G80_Recorte_Recorte_C_3.5.tiff,7,80,4.728019323355169,33.68151080337975,False,False,False,2
P7_C1_G80_Recorte_Recorte_C_3.6.tiff,7,80,4.593279373597056,32.34023418443567,False,False,False,2
P7_C2_G120_Recorte_Recorte_A1_1.1.tiff,7,120,2.569234473973529,20.09031897664124,False,False,False,2
P7_C2_G120_Recorte_Recorte_A1_1.2.tiff,7,120,3.036154051147778,21.77466553473891,False,False,False,2
P7_C2_G120_Recorte_Recorte_A1_1.3.tiff,7,120,3.375092456918308,22.83937973349345,False,False,False,2
P7_C2_G120_Recorte_Recorte_A1_1.4.tiff,7,120,3.052052421844492,22.07015135235207,False,False,False,2
P7_C2_G120_Recorte_Recorte_A1_1.5.tiff,7,120,3.16626748467976,22.37421510862041,False,False,False,2
P7_C2_G120_Recorte_Recorte_A1_1.6.tiff,7,120,2.998199001102992,21.3554704390992,False,False,False,2
P7_C2_G120_Recorte_Recorte_A2_1.1.tiff,7,120,2.569234473973529,20.09031897664124,False,False,False,2
P7_C2_G120_Recorte_Recorte_A2_1.2.tiff,7,120,3.036154051147778,21.77466553473891,False,False,False,2
P7_C2_G120_Recorte_Recorte_A2_1.3.tiff,7,120,3.375092456918308,22.83937973349345,False,False,False,2
P7_C2_G120_Recorte_Recorte_A2_1.4.tiff,7,120,3.052052421844492,22.07015135235207,False,False,False,2
P7_C2_G120_Recorte_Recorte_A2_1.5.tiff,7,120,3.16626748467976,22.37421510862041,False,False,False,2
P7_C2_G120_Recorte_Recorte_A2_1.6.tiff,7,120,2.998199001102992,21.3554704390992,False,False,False,2
P7_C2_G120_Recorte_Recorte_B_2.1.tiff,7,120,3.131169593735927,25.99343882029155,False,False,False,2
P7_C2_G120_Recorte_Recorte_B_2.2.tiff,7,120,2.845912784049892,20.24542050447727,False,False,False,2
P7_C2_G120_Recorte_Recorte_B_2.3.tiff,7,120,3.18812265663981,22.5503357988377,False,False,False,2
P7_C2_G120_Recorte_Recorte_B_2.4.tiff,7,120,2.882391582749012,23.47656282551759,False,False,False,2
P7_C2_G120_Recorte_Recorte_B_2.5.tiff,7,120,3.019536286521201,20.97315229262697,False,False,False,2
P7_C2_G120_Recorte_Recorte_B_2.6.tiff,7,120,3.111622876778416,23.38807328814174,False,False,False,2
P7_C2_G120_Recorte_Recorte_C_3.1.tiff,7,120,2.845916663342064,24.8761578900311,False,False,False,2
P7_C2_G120_Recorte_Recorte_C_3.2.tiff,7,120,2.633548859955661,18.95843045165692,False,False,False,2
P7_C2_G120_Recorte_Recorte_C_3.3.tiff,7,120,3.067403717873957,23.52840210520936,False,False,False,2
P7_C2_G120_Recorte_Recorte_C_3.4.tiff,7,120,2.643443784798565,19.74090391207875,False,False,False,2
P7_C2_G120_Recorte_Recorte_C_3.5.tiff,7,120,2.571128566654134,20.79123555145891,False,False,False,2
P7_C2_G120_Recorte_Recorte_C_3.6.tiff,7,120,2.69242828425881,21.16613338448715,False,False,False,2
P7_C2_G180_Recorte_Recorte_A1_1.1.tiff,7,180,2.381159757481836,20.17327495647412,False,False,False,2
P7_C2_G180_Recorte_Recorte_A1_1.2.tiff,7,180,2.846338700848264,23.4861258793823,False,False,False,2
P7_C2_G180_Recorte_Recorte_A1_1.3.tiff,7,180,2.696933598947907,21.95993096476217,False,False,False,2
P7_C2_G180_Recorte_Recorte_A1_1.4.tiff,7,180,2.423003159506822,21.2959265915331,False,False,False,2
P7_C2_G180_Recorte_Recorte_A1_1.5.tiff,7,180,2.770629436913291,22.81360081204154,False,False,False,2
P7_C2_G180_Recorte_Recorte_A1_1.6.tiff,7,180,2.923007928702227,23.65300505483818,False,False,False,2
P7_C2_G180_Recorte_Recorte_A2_1.1.tiff,7,180,2.381159757481836,20.17327495647412,False,False,False,2
P7_C2_G180_Recorte_Recorte_A2_1.2.tiff,7,180,2.846338700848264,23.4861258793823,False,False,False,2
P7_C2_G180_Recorte_Recorte_A2_1.3.tiff,7,180,2.696933598947907,21.95993096476217,False,False,False,2
P7_C2_G180_Recorte_Recorte_A2_1.4.tiff,7,180,2.423003159506822,21.2959265915331,False,False,False,2
P7_C2_G180_Recorte_Recorte_A2_1.5.tiff,7,180,2.770629436913291,22.81360081204154,False,False,False,2
P7_C2_G180_Recorte_Recorte_A2_1.6.tiff,7,180,2.923007928702227,23.65300505483818,False,False,False,2
P7_C2_G180_Recorte_Recorte_B_2.1.tiff,7,180,2.723243543117335,21.00050894450037,False,False,False,2
P7_C2_G180_Recorte_Recorte_B_2.2.tiff,7,180,2.449666371076241,20.34208615478201,False,False,False,2
P7_C2_G180_Recorte_Recorte_B_2.3.tiff,7,180,2.498895183234402,22.29158576908724,False,False,False,2
P7_C2_G180_Recorte_Recorte_B_2.4.tiff,7,180,2.23657095861327,17.95629319201311,False,False,False,2
P7_C2_G180_Recorte_Recorte_B_2.5.tiff,7,180,2.646918801866925,24.52623318679941,False,False,False,2
P7_C2_G180_Recorte_Recorte_B_2.6.tiff,7,180,2.416888678855938,18.12745059639726,False,False,False,2
P7_C2_G180_Recorte_Recorte_C_3.1.tiff,7,180,3.104483521514368,25.18835026770486,False,False,False,2
P7_C2_G180_Recorte_Recorte_C_3.2.tiff,7,180,2.961180753134308,25.4198161976913,False,False,False,2
P7_C2_G180_Recorte_Recorte_C_3.3.tiff,7,180,3.40712587060434,28.26866998958355,False,False,False,2
P7_C2_G180_Recorte_Recorte_C_3.4.tiff,7,180,2.919582633140322,24.54437303034661,False,False,False,2
P7_C2_G180_Recorte_Recorte_C_3.5.tiff,7,180,2.885100545567723,23.56688831632566,False,False,False,2
P7_C2_G180_Recorte_Recorte_C_3.6.tiff,7,180,2.975423792991549,27.6021964324164,False,False,False,2
P7_C2_G40_Recorte_Recorte_A1_1.1.tiff,7,40,5.76561603362835,36.51266195453093,False,False,False,2
P7_C2_G40_Recorte_Recorte_A1_1.2.tiff,7,40,5.872090397226891,36.89322795268713,False,False,False,2
P7_C2_G40_Recorte_Recorte_A1_1.3.tiff,7,40,6.96476895119373,46.57976906566934,False,False,False,2
P7_C2_G40_Recorte_Recorte_A1_1.4.tiff,7,40,6.073589396723295,40.47780057977785,False,False,False,2
P7_C2_G40_Recorte_Recorte_A1_1.5.tiff,7,40,5.795798131069105,34.57149719096602,False,False,False,2
P7_C2_G40_Recorte_Recorte_A1_1.6.tiff,7,40,6.579872359196307,41.23607094942118,False,False,False,2
P7_C2_G40_Recorte_Recorte_A2_1.1.tiff,7,40,5.76561603362835,36.51266195453093,False,False,False,2
P7_C2_G40_Recorte_Recorte_A2_1.2.tiff,7,40,5.872090397226891,36.89322795268713,False,False,False,2
P7_C2_G40_Recorte_Recorte_A2_1.3.tiff,7,40,6.96476895119373,46.57976906566934,False,False,False,2
P7_C2_G40_Recorte_Recorte_A2_1.4.tiff,7,40,6.073589396723295,40.47780057977785,False,False,False,2
P7_C2_G40_Recorte_Recorte_A2_1.5.tiff,7,40,5.795798131069105,34.57149719096602,False,False,False,2
P7_C2_G40_Recorte_Recorte_A2_1.6.tiff,7,40,6.579872359196307,41.23607094942118,False,False,False,2
P7_C2_G40_Recorte_Recorte_B_2.1.tiff,7,40,5.07171180769807,32.82513262059031,False,False,False,2
P7_C2_G40_Recorte_Recorte_B_2.2.tiff,7,40,5.687802346272449,37.81099907045584,False,False,False,2
P7_C2_G40_Recorte_Recorte_B_2.3.tiff,7,40,5.804349121192075,38.64190517849769,False,False,False,2
P7_C2_G40_Recorte_Recorte_B_2.4.tiff,7,40,5.347778754502245,34.00062286482055,False,False,False,2
P7_C2_G40_Recorte_Recorte_B_2.5.tiff,7,40,4.985101642923877,30.47497332282325,False,False,False,2
P7_C2_G40_Recorte_Recorte_B_2.6.tiff,7,40,5.712483083421816,34.64774028629348,False,False,False,2
P7_C2_G40_Recorte_Recorte_C_3.1.tiff,7,40,5.77938216544374,39.05058767574862,False,False,False,2
P7_C2_G40_Recorte_Recorte_C_3.2.tiff,7,40,6.52614312239327,40.22866161200681,False,False,False,2
P7_C2_G40_Recorte_Recorte_C_3.3.tiff,7,40,6.876636371050289,41.07475133073066,False,False,False,2
P7_C2_G40_Recorte_Recorte_C_3.4.tiff,7,40,6.409817829836092,40.44314789968288,False,False,False,2
P7_C2_G40_Recorte_Recorte_C_3.5.tiff,7,40,6.522517427968655,39.63965666951301,False,False,False,2
P7_C2_G40_Recorte_Recorte_C_3.6.tiff,7,40,6.265697226335756,39.66566714273826,False,False,False,2
P7_C2_G80_Recorte_Recorte_A1_1.1.tiff,7,80,4.369834197834259,29.57064928648,False,False,False,2
P7_C2_G80_Recorte_Recorte_A1_1.2.tiff,7,80,3.983972349048777,26.046939260408,False,False,False,2
P7_C2_G80_Recorte_Recorte_A1_1.3.tiff,7,80,4.378334900730191,29.93678618374191,False,False,False,2
P7_C2_G80_Recorte_Recorte_A1_1.4.tiff,7,80,4.566636339112027,32.56187961485901,False,False,False,2
P7_C2_G80_Recorte_Recorte_A1_1.5.tiff,7,80,4.528620601484767,30.3152111585505,False,False,False,2
P7_C2_G80_Recorte_Recorte_A1_1.6.tiff,7,80,4.174417129259224,30.15194011550685,False,False,False,2
P7_C2_G80_Recorte_Recorte_A2_1.1.tiff,7,80,4.369834197834259,29.57064928648,False,False,False,2
P7_C2_G80_Recorte_Recorte_A2_1.2.tiff,7,80,3.983972349048777,26.046939260408,False,False,False,2
P7_C2_G80_Recorte_Recorte_A2_1.3.tiff,7,80,4.378334900730191,29.93678618374191,False,False,False,2
P7_C2_G80_Recorte_Recorte_A2_1.4.tiff,7,80,4.566636339112027,32.56187961485901,False,False,False,2
P7_C2_G80_Recorte_Recorte_A2_1.5.tiff,7,80,4.528620601484767,30.3152111585505,False,False,False,2
P7_C2_G80_Recorte_Recorte_A2_1.6.tiff,7,80,4.174417129259224,30.15194011550685,False,False,False,2
P7_C2_G80_Recorte_Recorte_B_2.1.tiff,7,80,4.503604029746339,31.27783174059634,False,False,False,2
P7_C2_G80_Recorte_Recorte_B_2.2.tiff,7,80,4.426240802037131,32.05431339858434,False,False,False,2
P7_C2_G80_Recorte_Recorte_B_2.3.tiff,7,80,5.043097851450952,34.28978331871827,False,False,False,2
P7_C2_G80_Recorte_Recorte_B_2.4.tiff,7,80,4.294709377050428,30.01809559652784,False,False,False,2
P7_C2_G80_Recorte_Recorte_B_2.5.tiff,7,80,4.479494151392655,32.31110693399063,False,False,False,2
P7_C2_G80_Recorte_Recorte_B_2.6.tiff,7,80,4.631291258932054,33.54804311897517,False,False,False,2
P7_C2_G80_Recorte_Recorte_C_3.1.tiff,7,80,5.280447606612026,33.3100500330041,False,False,False,2
P7_C2_G80_Recorte_Recorte_C_3.2.tiff,7,80,4.905173621579686,34.28766879201778,False,False,False,2
P7_C2_G80_Recorte_Recorte_C_3.3.tiff,7,80,4.5178485955386,31.77425107670917,False,False,False,2
P7_C2_G80_Recorte_Recorte_C_3.4.tiff,7,80,5.972862288029027,40.35005712063587,False,False,False,2
P7_C2_G80_Recorte_Recorte_C_3.5.tiff,7,80,5.159239898474681,35.08832003945876,False,False,False,2
P7_C2_G80_Recorte_Recorte_C_3.6.tiff,7,80,5.606555652750953,39.41780953148506,False,False,False,2
P8_C1_G120_Recorte_Recorte_A1_1.1.tiff,8,120,3.135556031442968,25.23965805261133,False,False,False,1
P8_C1_G120_Recorte_Recorte_A1_1.2.tiff,8,120,2.990910227470243,22.84495353446504,False,False,False,1
P8_C1_G120_Recorte_Recorte_A1_1.3.tiff,8,120,2.988287042056981,21.56531124573392,False,False,False,1
P8_C1_G120_Recorte_Recorte_A1_1.4.tiff,8,120,2.391302543685595,18.97050278096514,False,False,False,1
P8_C1_G120_Recorte_Recorte_A1_1.5.tiff,8,120,2.732482374179344,20.09930818070674,False,False,False,1
P8_C1_G120_Recorte_Recorte_A1_1.6.tiff,8,120,2.999615694993849,23.64614285856513,False,False,False,1
P8_C1_G120_Recorte_Recorte_A2_1.1.tiff,8,120,3.135556031442968,25.23965805261133,False,False,False,1
P8_C1_G120_Recorte_Recorte_A2_1.2.tiff,8,120,2.990910227470243,22.84495353446504,False,False,False,1
P8_C1_G120_Recorte_Recorte_A2_1.3.tiff,8,120,2.988287042056981,21.56531124573392,False,False,False,1
P8_C1_G120_Recorte_Recorte_A2_1.4.tiff,8,120,2.391302543685595,18.97050278096514,False,False,False,1
P8_C1_G120_Recorte_Recorte_A2_1.5.tiff,8,120,2.732482374179344,20.09930818070674,False,False,False,1
P8_C1_G120_Recorte_Recorte_A2_1.6.tiff,8,120,2.999615694993849,23.64614285856513,False,False,False,1
P8_C1_G120_Recorte_Recorte_B_2.1.tiff,8,120,3.187649226049769,25.74043510992867,False,False,False,1
P8_C1_G120_Recorte_Recorte_B_2.2.tiff,8,120,2.740703297704637,22.46451167583579,False,False,False,1
P8_C1_G120_Recorte_Recorte_B_2.3.tiff,8,120,2.611399527276802,20.80896768138483,False,False,False,1
P8_C1_G120_Recorte_Recorte_B_2.4.tiff,8,120,2.732484402117998,19.78405327088067,False,False,False,1
P8_C1_G120_Recorte_Recorte_B_2.5.tiff,8,120,2.708181874818797,19.58345956869044,False,False,False,1
P8_C1_G120_Recorte_Recorte_B_2.6.tiff,8,120,2.98085389225738,23.57577713196634,False,False,False,1
P8_C1_G120_Recorte_Recorte_C_3.1.tiff,8,120,3.441360825042032,23.16432608149775,False,False,False,1
P8_C1_G120_Recorte_Recorte_C_3.2.tiff,8,120,2.651118564509145,20.99643949427379,False,False,False,1
P8_C1_G120_Recorte_Recorte_C_3.3.tiff,8,120,2.906328966717927,20.77090061557245,False,False,False,1
P8_C1_G120_Recorte_Recorte_C_3.4.tiff,8,120,2.532563663778266,16.81761694068595,False,False,False,1
P8_C1_G120_Recorte_Recorte_C_3.5.tiff,8,120,2.762623031606931,19.02320422304205,False,False,False,1
P8_C1_G120_Recorte_Recorte_C_3.6.tiff,8,120,2.916525345065407,23.4275761359239,False,False,False,1
P8_C1_G180_Recorte_Recorte_A1_1.1.tiff,8,180,3.244333639985712,25.46056780793633,False,False,False,1
P8_C1_G180_Recorte_Recorte_A1_1.2.tiff,8,180,2.749401745884983,22.63042871791841,False,False,False,1
P8_C1_G180_Recorte_Recorte_A1_1.3.tiff,8,180,2.810091379794843,22.55537900010262,False,False,False,1
P8_C1_G180_Recorte_Recorte_A1_1.4.tiff,8,180,2.56852974699125,20.96774084483237,False,False,False,1
P8_C1_G180_Recorte_Recorte_A1_1.5.tiff,8,180,2.501796999302993,19.03354179466227,False,False,False,1
P8_C1_G180_Recorte_Recorte_A1_1.6.tiff,8,180,3.221552780708397,25.68060401256188,False,False,False,1
P8_C1_G180_Recorte_Recorte_A2_1.1.tiff,8,180,3.244333639985712,25.46056780793633,False,False,False,1
P8_C1_G180_Recorte_Recorte_A2_1.2.tiff,8,180,2.749401745884983,22.63042871791841,False,False,False,1
P8_C1_G180_Recorte_Recorte_A2_1.3.tiff,8,180,2.810091379794843,22.55537900010262,False,False,False,1
P8_C1_G180_Recorte_Recorte_A2_1.4.tiff,8,180,2.56852974699125,20.96774084483237,False,False,False,1
P8_C1_G180_Recorte_Recorte_A2_1.5.tiff,8,180,2.501796999302993,19.03354179466227,False,False,False,1
P8_C1_G180_Recorte_Recorte_A2_1.6.tiff,8,180,3.221552780708397,25.68060401256188,False,False,False,1
P8_C1_G180_Recorte_Recorte_B_2.1.tiff,8,180,3.295775036168727,23.53603715877689,False,False,False,1
P8_C1_G180_Recorte_Recorte_B_2.2.tiff,8,180,2.502617795805016,18.48167952477098,False,False,False,1
P8_C1_G180_Recorte_Recorte_B_2.3.tiff,8,180,2.741481085470902,23.68464199144027,False,False,False,1
P8_C1_G180_Recorte_Recorte_B_2.4.tiff,8,180,3.130719097681347,27.01438315720626,False,False,False,1
P8_C1_G180_Recorte_Recorte_B_2.5.tiff,8,180,3.71053484680156,29.61607062389947,False,False,False,1
P8_C1_G180_Recorte_Recorte_B_2.6.tiff,8,180,3.90339225906852,28.80316207424972,False,False,False,1
P8_C1_G180_Recorte_Recorte_C_3.1.tiff,8,180,2.475059133331879,20.570226744149,False,False,False,1
P8_C1_G180_Recorte_Recorte_C_3.2.tiff,8,180,2.353927834328959,20.53491456443288,False,False,False,1
P8_C1_G180_Recorte_Recorte_C_3.3.tiff,8,180,2.542233891102934,22.20064475488451,False,False,False,1
P8_C1_G180_Recorte_Recorte_C_3.4.tiff,8,180,1.800526137026356,15.28775795547087,False,False,False,1
P8_C1_G180_Recorte_Recorte_C_3.5.tiff,8,180,2.466829599539693,21.17186223255271,False,False,False,1
P8_C1_G180_Recorte_Recorte_C_3.6.tiff,8,180,2.891948500417553,21.636191947328,False,False,False,1
P8_C1_G40_Recorte_Recorte_A1_1.1.tiff,8,40,9.527016182391806,58.57144257011372,False,False,False,1
P8_C1_G40_Recorte_Recorte_A1_1.2.tiff,8,40,9.103076857537262,57.97362665651318,False,False,False,1
P8_C1_G40_Recorte_Recorte_A1_1.3.tiff,8,40,9.833844889278488,57.36587916245759,False,False,False,1
P8_C1_G40_Recorte_Recorte_A1_1.4.tiff,8,40,7.823222674515242,44.4928005107998,False,False,False,1
P8_C1_G40_Recorte_Recorte_A1_1.5.tiff,8,40,8.932631649590434,55.45434834500122,False,False,False,1
P8_C1_G40_Recorte_Recorte_A1_1.6.tiff,8,40,8.788847407887873,53.85376846338698,False,False,False,1
P8_C1_G40_Recorte_Recorte_A2_1.1.tiff,8,40,9.527016182391806,58.57144257011372,False,False,False,1
P8_C1_G40_Recorte_Recorte_A2_1.2.tiff,8,40,9.103076857537262,57.97362665651318,False,False,False,1
P8_C1_G40_Recorte_Recorte_A2_1.3.tiff,8,40,9.833844889278488,57.36587916245759,False,False,False,1
P8_C1_G40_Recorte_Recorte_A2_1.4.tiff,8,40,7.823222674515242,44.4928005107998,False,False,False,1
P8_C1_G40_Recorte_Recorte_A2_1.5.tiff,8,40,8.932631649590434,55.45434834500122,False,False,False,1
P8_C1_G40_Recorte_Recorte_A2_1.6.tiff,8,40,8.788847407887873,53.85376846338698,False,False,False,1
P8_C1_G40_Recorte_Recorte_B_2.1.tiff,8,40,7.153491944291359,45.39852831810657,False,False,False,1
P8_C1_G40_Recorte_Recorte_B_2.2.tiff,8,40,7.448032415355827,46.68763030773678,False,False,False,1
P8_C1_G40_Recorte_Recorte_B_2.3.tiff,8,40,7.94109665145473,48.18142940367078,False,False,False,1
P8_C1_G40_Recorte_Recorte_B_2.4.tiff,8,40,6.374449605044663,42.05632360224985,False,False,False,1
P8_C1_G40_Recorte_Recorte_B_2.5.tiff,8,40,5.606465059060565,36.31836084644878,False,False,False,1
P8_C1_G40_Recorte_Recorte_B_2.6.tiff,8,40,6.476335241092633,38.96282018897146,False,False,False,1
P8_C1_G40_Recorte_Recorte_C_3.1.tiff,8,40,6.043446800459655,38.12191860672952,False,False,False,1
P8_C1_G40_Recorte_Recorte_C_3.2.tiff,8,40,5.7795421753824,38.14338316701092,False,False,False,1
P8_C1_G40_Recorte_Recorte_C_3.3.tiff,8,40,5.16967893430967,30.12831923805592,False,False,False,1
P8_C1_G40_Recorte_Recorte_C_3.4.tiff,8,40,4.449068764510828,29.35959160622206,False,False,False,1
P8_C1_G40_Recorte_Recorte_C_3.5.tiff,8,40,4.683144233076481,30.99682029884036,False,False,False,1
P8_C1_G40_Recorte_Recorte_C_3.6.tiff,8,40,8.201918089228794,57.32710238073584,False,False,False,1
P8_C1_G80_Recorte_Recorte_A1_1.1.tiff,8,80,4.193895640807768,31.84073294406993,False,False,False,1
P8_C1_G80_Recorte_Recorte_A1_1.2.tiff,8,80,4.429602432641053,30.89697070963836,False,False,False,1
P8_C1_G80_Recorte_Recorte_A1_1.3.tiff,8,80,3.579035747764492,24.44177358340855,False,False,False,1
P8_C1_G80_Recorte_Recorte_A1_1.4.tiff,8,80,4.428569054021946,31.75843731566928,False,False,False,1
P8_C1_G80_Recorte_Recorte_A1_1.5.tiff,8,80,4.668026101092963,33.17604921184731,False,False,False,1
P8_C1_G80_Recorte_Recorte_A1_1.6.tiff,8,80,4.634494936513655,31.32748777259544,False,False,False,1
P8_C1_G80_Recorte_Recorte_A2_1.1.tiff,8,80,4.193895640807768,31.84073294406993,False,False,False,1
P8_C1_G80_Recorte_Recorte_A2_1.2.tiff,8,80,4.429602432641053,30.89697070963836,False,False,False,1
P8_C1_G80_Recorte_Recorte_A2_1.3.tiff,8,80,3.579035747764492,24.44177358340855,False,False,False,1
P8_C1_G80_Recorte_Recorte_A2_1.4.tiff,8,80,4.428569054021946,31.75843731566928,False,False,False,1
P8_C1_G80_Recorte_Recorte_A2_1.5.tiff,8,80,4.668026101092963,33.17604921184731,False,False,False,1
P8_C1_G80_Recorte_Recorte_A2_1.6.tiff,8,80,4.634494936513655,31.32748777259544,False,False,False,1
P8_C1_G80_Recorte_Recorte_B_2.1.tiff,8,80,4.532563496924216,34.90438797131583,False,False,False,1
P8_C1_G80_Recorte_Recorte_B_2.2.tiff,8,80,4.195641055877865,30.95564285403975,False,False,False,1
P8_C1_G80_Recorte_Recorte_B_2.3.tiff,8,80,4.202126262082867,29.60468816128957,False,False,False,1
P8_C1_G80_Recorte_Recorte_B_2.4.tiff,8,80,3.891612838648887,29.01278037884398,False,False,False,1
P8_C1_G80_Recorte_Recorte_B_2.5.tiff,8,80,3.943280011659317,27.91632105453426,False,False,False,1
P8_C1_G80_Recorte_Recorte_B_2.6.tiff,8,80,4.427348636825778,31.94347542167664,False,False,False,1
P8_C1_G80_Recorte_Recorte_C_3.1.tiff,8,80,5.223545009327689,35.03115804278794,False,False,False,1
P8_C1_G80_Recorte_Recorte_C_3.2.tiff,8,80,4.931202680352193,31.49162543071707,False,False,False,1
P8_C1_G80_Recorte_Recorte_C_3.3.tiff,8,80,4.862488448166758,32.58042160490046,False,False,False,1
P8_C1_G80_Recorte_Recorte_C_3.4.tiff,8,80,4.153452856608883,29.27245834550266,False,False,False,1
P8_C1_G80_Recorte_Recorte_C_3.5.tiff,8,80,5.061614671356686,31.33877624470612,False,False,False,1
P8_C1_G80_Recorte_Recorte_C_3.6.tiff,8,80,5.317680391742411,38.88766517305638,False,False,False,1
P8_C2_G120_Recorte_Recorte_A1_1.1.tiff,8,120,2.477524920299461,17.787890625772,False,False,False,1
P8_C2_G120_Recorte_Recorte_A1_1.2.tiff,8,120,2.555927603836446,23.15392502079532,False,False,False,1
P8_C2_G120_Recorte_Recorte_A1_1.3.tiff,8,120,2.65826563842844,19.48387154085118,False,False,False,1
P8_C2_G120_Recorte_Recorte_A1_1.4.tiff,8,120,2.574639691230952,20.11101741402787,False,False,False,1
P8_C2_G120_Recorte_Recorte_A1_1.5.tiff,8,120,2.407442252113271,18.09723733568596,False,False,False,1
P8_C2_G120_Recorte_Recorte_A1_1.6.tiff,8,120,2.759207143611345,20.20847180257426,False,False,False,1
P8_C2_G120_Recorte_Recorte_A2_1.1.tiff,8,120,2.477524920299461,17.787890625772,False,False,False,1
P8_C2_G120_Recorte_Recorte_A2_1.2.tiff,8,120,2.555927603836446,23.15392502079532,False,False,False,1
P8_C2_G120_Recorte_Recorte_A2_1.3.tiff,8,120,2.65826563842844,19.48387154085118,False,False,False,1
P8_C2_G120_Recorte_Recorte_A2_1.4.tiff,8,120,2.574639691230952,20.11101741402787,False,False,False,1
P8_C2_G120_Recorte_Recorte_A2_1.5.tiff,8,120,2.407442252113271,18.09723733568596,False,False,False,1
P8_C2_G120_Recorte_Recorte_A2_1.6.tiff,8,120,2.759207143611345,20.20847180257426,False,False,False,1
P8_C2_G120_Recorte_Recorte_B_2.1.tiff,8,120,3.36686799842923,25.47499091582728,False,False,False,1
P8_C2_G120_Recorte_Recorte_B_2.2.tiff,8,120,3.446357081087475,24.73766013999104,False,False,False,1
P8_C2_G120_Recorte_Recorte_B_2.3.tiff,8,120,3.322258875963925,22.19236861621981,False,False,False,1
P8_C2_G120_Recorte_Recorte_B_2.4.tiff,8,120,3.334456621955369,23.09631495788704,False,False,False,1
P8_C2_G120_Recorte_Recorte_B_2.5.tiff,8,120,3.253546042168359,23.64546755266201,False,False,False,1
P8_C2_G120_Recorte_Recorte_B_2.6.tiff,8,120,3.403380973780029,26.5307256725696,False,False,False,1
P8_C2_G120_Recorte_Recorte_C_3.1.tiff,8,120,3.166882831437512,23.24895153727397,False,False,False,1
P8_C2_G120_Recorte_Recorte_C_3.2.tiff,8,120,3.435281072944054,24.21681288090346,False,False,False,1
P8_C2_G120_Recorte_Recorte_C_3.3.tiff,8,120,2.983837004637232,20.39467678403765,False,False,False,1
P8_C2_G120_Recorte_Recorte_C_3.4.tiff,8,120,3.078738120682281,22.07652560718932,False,False,False,1
P8_C2_G120_Recorte_Recorte_C_3.5.tiff,8,120,3.046847042140535,21.44001637846977,False,False,False,1
P8_C2_G120_Recorte_Recorte_C_3.6.tiff,8,120,3.512047865564929,23.54451741597498,False,False,False,1
P8_C2_G180_Recorte_Recorte_A1_1.1.tiff,8,180,3.088939380548674,24.63312532244078,False,False,False,1
P8_C2_G180_Recorte_Recorte_A1_1.2.tiff,8,180,2.650091819225828,23.75646462500861,False,False,False,1
P8_C2_G180_Recorte_Recorte_A1_1.3.tiff,8,180,2.550421810641012,20.5324586275276,False,False,False,1
P8_C2_G180_Recorte_Recorte_A1_1.4.tiff,8,180,2.613074146511735,22.2143157360232,False,False,False,1
P8_C2_G180_Recorte_Recorte_A1_1.5.tiff,8,180,2.703246373741661,22.59174773698886,False,False,False,1
P8_C2_G180_Recorte_Recorte_A1_1.6.tiff,8,180,3.004924228605228,23.3504454029991,False,False,False,1
P8_C2_G180_Recorte_Recorte_A2_1.1.tiff,8,180,3.088939380548674,24.63312532244078,False,False,False,1
P8_C2_G180_Recorte_Recorte_A2_1.2.tiff,8,180,2.650091819225828,23.75646462500861,False,False,False,1
P8_C2_G180_Recorte_Recorte_A2_1.3.tiff,8,180,2.550421810641012,20.5324586275276,False,False,False,1
P8_C2_G180_Recorte_Recorte_A2_1.4.tiff,8,180,2.613074146511735,22.2143157360232,False,False,False,1
P8_C2_G180_Recorte_Recorte_A2_1.5.tiff,8,180,2.703246373741661,22.59174773698886,False,False,False,1
P8_C2_G180_Recorte_Recorte_A2_1.6.tiff,8,180,3.004924228605228,23.3504454029991,False,False,False,1
P8_C2_G180_Recorte_Recorte_B_2.1.tiff,8,180,3.03108370751432,23.50062362709342,False,False,False,1
P8_C2_G180_Recorte_Recorte_B_2.2.tiff,8,180,2.804634373683031,24.17884818777905,False,False,False,1
P8_C2_G180_Recorte_Recorte_B_2.3.tiff,8,180,2.749944208856587,22.29706006412842,False,False,False,1
P8_C2_G180_Recorte_Recorte_B_2.4.tiff,8,180,3.248356160351611,24.14966842448824,False,False,False,1
P8_C2_G180_Recorte_Recorte_B_2.5.tiff,8,180,2.988992985290266,24.98323529797178,False,False,False,1
P8_C2_G180_Recorte_Recorte_B_2.6.tiff,8,180,3.026596409323871,26.42536424249772,False,False,False,1
P8_C2_G180_Recorte_Recorte_C_3.1.tiff,8,180,3.586016385318261,28.62273165008185,False,False,False,1
P8_C2_G180_Recorte_Recorte_C_3.2.tiff,8,180,3.307771303535348,25.64278211742684,False,False,False,1
P8_C2_G180_Recorte_Recorte_C_3.3.tiff,8,180,2.901467639108333,24.70548767784041,False,False,False,1
P8_C2_G180_Recorte_Recorte_C_3.4.tiff,8,180,3.228682507831719,24.90525882246833,False,False,False,1
P8_C2_G180_Recorte_Recorte_C_3.5.tiff,8,180,3.355593331951544,26.36947846625185,False,False,False,1
P8_C2_G180_Recorte_Recorte_C_3.6.tiff,8,180,3.164793432928766,26.5651027751113,False,False,False,1
P8_C2_G40_Recorte_Recorte_A1_1.1.tiff,8,40,8.682742708677855,56.04604820298469,False,False,False,1
P8_C2_G40_Recorte_Recorte_A1_1.2.tiff,8,40,6.551614718426445,40.92201708469887,False,False,False,1
P8_C2_G40_Recorte_Recorte_A1_1.3.tiff,8,40,7.868060648260959,49.64668761959056,False,False,False,1
P8_C2_G40_Recorte_Recorte_A1_1.4.tiff,8,40,8.319783792377232,47.4458176341715,False,False,False,1
P8_C2_G40_Recorte_Recorte_A1_1.5.tiff,8,40,8.224120485613893,50.06942177195562,False,False,False,1
P8_C2_G40_Recorte_Recorte_A1_1.6.tiff,8,40,7.24930309580856,45.97256642685441,False,False,False,1
P8_C2_G40_Recorte_Recorte_A2_1.1.tiff,8,40,8.682742708677855,56.04604820298469,False,False,False,1
P8_C2_G40_Recorte_Recorte_A2_1.2.tiff,8,40,6.551614718426445,40.92201708469887,False,False,False,1
P8_C2_G40_Recorte_Recorte_A2_1.3.tiff,8,40,7.868060648260959,49.64668761959056,False,False,False,1
P8_C2_G40_Recorte_Recorte_A2_1.4.tiff,8,40,8.319783792377232,47.4458176341715,False,False,False,1
P8_C2_G40_Recorte_Recorte_A2_1.5.tiff,8,40,8.224120485613893,50.06942177195562,False,False,False,1
P8_C2_G40_Recorte_Recorte_A2_1.6.tiff,8,40,7.24930309580856,45.97256642685441,False,False,False,1
P8_C2_G40_Recorte_Recorte_B_2.1.tiff,8,40,7.948003589756303,50.80746725059275,False,False,False,1
P8_C2_G40_Recorte_Recorte_B_2.2.tiff,8,40,7.391589289332704,51.39620470677305,False,False,False,1
P8_C2_G40_Recorte_Recorte_B_2.3.tiff,8,40,7.421093710415198,46.43350274510034,False,False,False,1
P8_C2_G40_Recorte_Recorte_B_2.4.tiff,8,40,6.313170662352757,39.92509586373883,False,False,False,1
P8_C2_G40_Recorte_Recorte_B_2.5.tiff,8,40,7.333369861016241,43.38481215103051,False,False,False,1
P8_C2_G40_Recorte_Recorte_B_2.6.tiff,8,40,7.299211948361081,42.98479966867741,False,False,False,1
P8_C2_G40_Recorte_Recorte_C_3.1.tiff,8,40,6.920549232746861,45.57448271740172,False,False,False,1
P8_C2_G40_Recorte_Recorte_C_3.2.tiff,8,40,8.002239889367415,42.65491356440138,False,False,False,1
P8_C2_G40_Recorte_Recorte_C_3.3.tiff,8,40,7.370054147527602,47.5116494422337,False,False,False,1
P8_C2_G40_Recorte_Recorte_C_3.4.tiff,8,40,6.600569811972352,44.48188560355811,False,False,False,1
P8_C2_G40_Recorte_Recorte_C_3.5.tiff,8,40,6.338837016620221,37.85263242747332,False,False,False,1
P8_C2_G40_Recorte_Recorte_C_3.6.tiff,8,40,7.289610132467365,45.44863571849024,False,False,False,1
P8_C2_G80_Recorte_Recorte_A1_1.1.tiff,8,80,4.468819872332574,30.52927201608288,False,False,False,1
P8_C2_G80_Recorte_Recorte_A1_1.2.tiff,8,80,4.951393912834704,30.97974319882932,False,False,False,1
P8_C2_G80_Recorte_Recorte_A1_1.3.tiff,8,80,4.781335697926377,31.13369027571426,False,False,False,1
P8_C2_G80_Recorte_Recorte_A1_1.4.tiff,8,80,4.597596967969656,30.07671081274355,False,False,False,1
P8_C2_G80_Recorte_Recorte_A1_1.5.tiff,8,80,4.80057663448271,33.59970638360454,False,False,False,1
P8_C2_G80_Recorte_Recorte_A1_1.6.tiff,8,80,5.091709944162109,35.17953725696433,False,False,False,1
P8_C2_G80_Recorte_Recorte_A2_1.1.tiff,8,80,4.468819872332574,30.52927201608288,False,False,False,1
P8_C2_G80_Recorte_Recorte_A2_1.2.tiff,8,80,4.951393912834704,30.97974319882932,False,False,False,1
P8_C2_G80_Recorte_Recorte_A2_1.3.tiff,8,80,4.781335697926377,31.13369027571426,False,False,False,1
P8_C2_G80_Recorte_Recorte_A2_1.4.tiff,8,80,4.597596967969656,30.07671081274355,False,False,False,1
P8_C2_G80_Recorte_Recorte_A2_1.5.tiff,8,80,4.80057663448271,33.59970638360454,False,False,False,1
P8_C2_G80_Recorte_Recorte_A2_1.6.tiff,8,80,5.091709944162109,35.17953725696433,False,False,False,1
P8_C2_G80_Recorte_Recorte_B_2.1.tiff,8,80,4.342083147182223,27.53487532736844,False,False,False,1
P8_C2_G80_Recorte_Recorte_B_2.2.tiff,8,80,4.937825793631422,33.14898388041219,False,False,False,1
P8_C2_G80_Recorte_Recorte_B_2.3.tiff,8,80,4.71058167983352,31.05775696285243,False,False,False,1
P8_C2_G80_Recorte_Recorte_B_2.4.tiff,8,80,5.177193700804682,35.79477385324729,False,False,False,1
P8_C2_G80_Recorte_Recorte_B_2.5.tiff,8,80,5.263342600087591,31.97478093362349,False,False,False,1
P8_C2_G80_Recorte_Recorte_B_2.6.tiff,8,80,4.24118715208752,28.07012821821293,False,False,False,1
P8_C2_G80_Recorte_Recorte_C_3.1.tiff,8,80,4.874736017929952,32.46424947500825,False,False,False,1
P8_C2_G80_Recorte_Recorte_C_3.2.tiff,8,80,4.876868986367715,31.20424521984847,False,False,False,1
P8_C2_G80_Recorte_Recorte_C_3.3.tiff,8,80,4.114820096631687,28.44926860576568,False,False,False,1
P8_C2_G80_Recorte_Recorte_C_3.4.tiff,8,80,5.408156118888479,37.75702012480042,False,False,False,1
P8_C2_G80_Recorte_Recorte_C_3.5.tiff,8,80,5.761545126083246,38.72544274462003,False,False,False,1
P8_C2_G80_Recorte_Recorte_C_3.6.tiff,8,80,5.161396264733554,31.48386457022903,False,False,False,1
P9_C1_G120_Recorte_Recorte_A1_1.2.tiff,9,120,3.806151628978884,28.86752868302758,False,False,False,4
P9_C1_G120_Recorte_Recorte_A1_1.3.tiff,9,120,3.818935589615443,29.73496465272498,False,False,False,4
P9_C1_G120_Recorte_Recorte_A1_1.5.tiff,9,120,3.702948274825452,31.0791487398017,False,False,False,4
P9_C1_G120_Recorte_Recorte_A1_1.6.tiff,9,120,3.937361343428604,30.31474261583458,False,False,False,4
P9_C1_G120_Recorte_Recorte_A2_1.2.tiff,9,120,3.806151628978884,28.86752868302758,False,False,False,4
P9_C1_G120_Recorte_Recorte_A2_1.3.tiff,9,120,3.818935589615443,29.73496465272498,False,False,False,4
P9_C1_G120_Recorte_Recorte_A2_1.5.tiff,9,120,3.702948274825452,31.0791487398017,False,False,False,4
P9_C1_G120_Recorte_Recorte_A2_1.6.tiff,9,120,3.937361343428604,30.31474261583458,False,False,False,4
P9_C1_G120_Recorte_Recorte_B_2.2.tiff,9,120,3.33896423102465,25.83588625909276,False,False,False,4
P9_C1_G120_Recorte_Recorte_B_2.3.tiff,9,120,3.023162418500266,24.26241868020524,False,False,False,4
P9_C1_G120_Recorte_Recorte_B_2.4.tiff,9,120,3.047726554553767,29.09829094698819,False,False,False,4
P9_C1_G120_Recorte_Recorte_B_2.5.tiff,9,120,3.35198328171894,27.99206517863307,False,False,False,4
P9_C1_G120_Recorte_Recorte_B_2.6.tiff,9,120,2.879842299140514,25.43434555269976,False,False,False,4
P9_C1_G120_Recorte_Recorte_C_3.3.tiff,9,120,2.869103331206446,23.00666663035393,False,False,False,4
P9_C1_G120_Recorte_Recorte_C_3.4.tiff,9,120,3.410858314155609,25.02895264348649,False,False,False,4
P9_C1_G120_Recorte_Recorte_C_3.5.tiff,9,120,3.742723328730485,28.9373698656053,False,False,False,4
P9_C1_G180_Recorte_Recorte_A1_1.1.tiff,9,180,3.164740405478526,26.5651027751113,False,False,False,4
P9_C1_G180_Recorte_Recorte_A1_1.2.tiff,9,180,3.343016143531375,28.10845117036358,False,False,False,4
P9_C1_G180_Recorte_Recorte_A1_1.3.tiff,9,180,3.865084113210025,32.7488699619536,False,False,False,4
P9_C1_G180_Recorte_Recorte_A1_1.4.tiff,9,180,4.017018226411775,30.3439115545997,False,False,False,4
P9_C1_G180_Recorte_Recorte_A1_1.5.tiff,9,180,3.9123406272998,33.12875239613786,False,False,False,4
P9_C1_G180_Recorte_Recorte_A1_1.6.tiff,9,180,3.324310427300757,27.53322735345815,False,False,False,4
P9_C1_G180_Recorte_Recorte_A2_1.1.tiff,9,180,3.164740405478526,26.5651027751113,False,False,False,4
P9_C1_G180_Recorte_Recorte_A2_1.2.tiff,9,180,3.343016143531375,28.10845117036358,False,False,False,4
P9_C1_G180_Recorte_Recorte_A2_1.3.tiff,9,180,3.865084113210025,32.7488699619536,False,False,False,4
P9_C1_G180_Recorte_Recorte_A2_1.4.tiff,9,180,4.017018226411775,30.3439115545997,False,False,False,4
P9_C1_G180_Recorte_Recorte_A2_1.5.tiff,9,180,3.9123406272998,33.12875239613786,False,False,False,4
P9_C1_G180_Recorte_Recorte_A2_1.6.tiff,9,180,3.324310427300757,27.53322735345815,False,False,False,4
P9_C1_G180_Recorte_Recorte_B_2.1.tiff,9,180,3.750412834600091,30.82581921312899,False,False,False,4
P9_C1_G180_Recorte_Recorte_B_2.2.tiff,9,180,3.168843219792623,27.51340744342876,False,False,False,4
P9_C1_G180_Recorte_Recorte_B_2.3.tiff,9,180,3.32292851625695,29.73720302448024,False,False,False,4
P9_C1_G180_Recorte_Recorte_B_2.4.tiff,9,180,3.500740041092048,30.61867488969533,False,False,False,4
P9_C1_G180_Recorte_Recorte_B_2.5.tiff,9,180,3.218115455061191,27.41287946228756,False,False,False,4
P9_C1_G180_Recorte_Recorte_B_2.6.tiff,9,180,3.4203048386065,28.88375481183111,False,False,False,4
P9_C1_G180_Recorte_Recorte_C_3.1.tiff,9,180,3.79752898261125,30.02442452681392,False,False,False,4
P9_C1_G180_Recorte_Recorte_C_3.2.tiff,9,180,3.345694909378848,25.99452199885042,False,False,False,4
P9_C1_G180_Recorte_Recorte_C_3.3.tiff,9,180,2.982307148342136,23.5431170667401,False,False,False,4
P9_C1_G180_Recorte_Recorte_C_3.4.tiff,9,180,3.383892573233608,26.31408773513156,False,False,False,4
P9_C1_G180_Recorte_Recorte_C_3.5.tiff,9,180,3.596792963091908,29.45468185695361,False,False,False,4
P9_C1_G180_Recorte_Recorte_C_3.6.tiff,9,180,4.082406363179017,36.36606456376851,True,False,True,0
P9_C1_G40_Recorte_Recorte_A1_1.1.tiff,9,40,9.50270993415608,57.88178603601644,False,False,False,4
P9_C1_G40_Recorte_Recorte_A1_1.2.tiff,9,40,8.80964511398644,50.48714938450588,False,False,False,4
P9_C1_G40_Recorte_Recorte_A1_1.3.tiff,9,40,8.848967411684649,57.03889017145931,False,False,False,4
P9_C1_G40_Recorte_Recorte_A1_1.4.tiff,9,40,8.344558395957035,48.68407804499338,False,False,False,4
P9_C1_G40_Recorte_Recorte_A1_1.5.tiff,9,40,7.660167969250179,45.19728451141939,False,False,False,4
P9_C1_G40_Recorte_Recorte_A1_1.6.tiff,9,40,8.66811577469908,55.89886667746983,False,False,False,4
P9_C1_G40_Recorte_Recorte_A2_1.1.tiff,9,40,9.50270993415608,57.88178603601644,False,False,False,4
P9_C1_G40_Recorte_Recorte_A2_1.2.tiff,9,40,8.80964511398644,50.48714938450588,False,False,False,4
P9_C1_G40_Recorte_Recorte_A2_1.3.tiff,9,40,8.848967411684649,57.03889017145931,False,False,False,4
P9_C1_G40_Recorte_Recorte_A2_1.4.tiff,9,40,8.344558395957035,48.68407804499338,False,False,False,4
P9_C1_G40_Recorte_Recorte_A2_1.5.tiff,9,40,7.660167969250179,45.19728451141939,False,False,False,4
P9_C1_G40_Recorte_Recorte_A2_1.6.tiff,9,40,8.66811577469908,55.89886667746983,False,False,False,4
P9_C1_G40_Recorte_Recorte_B_2.1.tiff,9,40,8.054464673981872,56.60249562956093,False,False,False,4
P9_C1_G40_Recorte_Recorte_B_2.2.tiff,9,40,6.990348679075302,52.87270907434608,False,False,False,4
P9_C1_G40_Recorte_Recorte_B_2.3.tiff,9,40,7.054539506604076,42.01288459887645,False,False,False,4
P9_C1_G40_Recorte_Recorte_B_2.4.tiff,9,40,7.398097770374339,43.98136165685435,False,False,False,4
P9_C1_G40_Recorte_Recorte_B_2.5.tiff,9,40,6.801709456523588,41.92381512760328,False,False,False,4
P9_C1_G40_Recorte_Recorte_B_2.6.tiff,9,40,7.060646257816152,48.55039026284983,False,False,False,4
P9_C1_G40_Recorte_Recorte_C_3.1.tiff,9,40,8.55564303730764,53.07294542956206,False,False,False,4
P9_C1_G40_Recorte_Recorte_C_3.2.tiff,9,40,6.55737854148963,44.62532084153518,False,False,False,4
P9_C1_G40_Recorte_Recorte_C_3.3.tiff,9,40,7.098501923705818,42.93642851139053,False,False,False,4
P9_C1_G40_Recorte_Recorte_C_3.4.tiff,9,40,5.956735317763277,37.99019073222561,False,False,False,4
P9_C1_G40_Recorte_Recorte_C_3.5.tiff,9,40,7.003408392100631,40.9976030071691,False,False,False,4
P9_C1_G40_Recorte_Recorte_C_3.6.tiff,9,40,7.477089723614516,47.56642395940002,False,False,False,4
P9_C1_G80_Recorte_Recorte_A1_1.1.tiff,9,80,5.734797476165033,36.45848223272228,False,False,False,4
P9_C1_G80_Recorte_Recorte_A1_1.2.tiff,9,80,5.376616638444609,35.01791903743571,False,False,False,4
P9_C1_G80_Recorte_Recorte_A1_1.3.tiff,9,80,5.650521328865758,35.79775801680676,False,False,False,4
P9_C1_G80_Recorte_Recorte_A1_1.4.tiff,9,80,5.865300455494178,41.97844059857997,False,False,False,4
P9_C1_G80_Recorte_Recorte_A1_1.5.tiff,9,80,5.096495187912079,33.44192668858564,False,False,False,4
P9_C1_G80_Recorte_Recorte_A1_1.6.tiff,9,80,5.279752117156521,40.67249908111274,False,False,False,4
P9_C1_G80_Recorte_Recorte_A2_1.1.tiff,9,80,5.734797476165033,36.45848223272228,False,False,False,4
P9_C1_G80_Recorte_Recorte_A2_1.2.tiff,9,80,5.376616638444609,35.01791903743571,False,False,False,4
P9_C1_G80_Recorte_Recorte_A2_1.3.tiff,9,80,5.650521328865758,35.79775801680676,False,False,False,4
P9_C1_G80_Recorte_Recorte_A2_1.4.tiff,9,80,5.865300455494178,41.97844059857997,False,False,False,4
P9_C1_G80_Recorte_Recorte_A2_1.5.tiff,9,80,5.096495187912079,33.44192668858564,False,False,False,4
P9_C1_G80_Recorte_Recorte_A2_1.6.tiff,9,80,5.279752117156521,40.67249908111274,False,False,False,4
P9_C1_G80_Recorte_Recorte_B_2.2.tiff,9,80,4.854361058295836,34.74521551867633,False,False,False,4
P9_C1_G80_Recorte_Recorte_B_2.3.tiff,9,80,5.002643158778993,33.21162455321813,False,False,False,4
P9_C1_G80_Recorte_Recorte_B_2.4.tiff,9,80,5.112701498152541,38.65584301331055,False,False,False,4
P9_C1_G80_Recorte_Recorte_B_2.5.tiff,9,80,5.146434562669685,43.97165013364221,True,False,True,0
P9_C1_G80_Recorte_Recorte_B_2.6.tiff,9,80,5.124336250566735,37.36693485795376,False,False,False,4
P9_C1_G80_Recorte_Recorte_C_3.1.tiff,9,80,4.934475293356697,36.12048577236537,False,False,False,4
P9_C1_G80_Recorte_Recorte_C_3.3.tiff,9,80,4.998263812453151,32.79032731611723,False,False,False,4
P9_C1_G80_Recorte_Recorte_C_3.4.tiff,9,80,4.164579707974824,28.80136793263192,False,False,False,4
P9_C1_G80_Recorte_Recorte_C_3.5.tiff,9,80,4.929951902389493,36.31831545788192,False,False,False,4
P9_C2_G120_Recorte_Recorte_A1_1.1.tiff,9,120,3.115276910493782,23.37641817472604,False,False,False,4
P9_C2_G120_Recorte_Recorte_A1_1.2.tiff,9,120,2.825362014480273,25.34175113145966,False,False,False,4
P9_C2_G120_Recorte_Recorte_A1_1.3.tiff,9,120,3.037987034960312,21.02419528836669,False,False,False,4
P9_C2_G120_Recorte_Recorte_A1_1.4.tiff,9,120,3.009163797882313,21.4255066195666,False,False,False,4
P9_C2_G120_Recorte_Recorte_A1_1.5.tiff,9,120,2.721570327597765,20.2157058924137,False,False,False,4
P9_C2_G120_Recorte_Recorte_A1_1.6.tiff,9,120,3.245888185312435,27.84782385491467,False,False,False,4
P9_C2_G120_Recorte_Recorte_A2_1.1.tiff,9,120,3.115276910493782,23.37641817472604,False,False,False,4
P9_C2_G120_Recorte_Recorte_A2_1.2.tiff,9,120,2.825362014480273,25.34175113145966,False,False,False,4
P9_C2_G120_Recorte_Recorte_A2_1.3.tiff,9,120,3.037987034960312,21.02419528836669,False,False,False,4
P9_C2_G120_Recorte_Recorte_A2_1.4.tiff,9,120,3.009163797882313,21.4255066195666,False,False,False,4
P9_C2_G120_Recorte_Recorte_A2_1.5.tiff,9,120,2.721570327597765,20.2157058924137,False,False,False,4
P9_C2_G120_Recorte_Recorte_A2_1.6.tiff,9,120,3.245888185312435,27.84782385491467,False,False,False,4
P9_C2_G120_Recorte_Recorte_B_2.1.tiff,9,120,2.840086154327305,21.92194509207173,False,False,False,4
P9_C2_G120_Recorte_Recorte_B_2.2.tiff,9,120,3.121996644464302,22.21677284484371,False,False,False,4
P9_C2_G120_Recorte_Recorte_B_2.3.tiff,9,120,3.34650299457139,20.91865588717086,False,False,False,4
P9_C2_G120_Recorte_Recorte_B_2.4.tiff,9,120,3.003804416762614,22.48122290365021,False,False,False,4
P9_C2_G120_Recorte_Recorte_B_2.5.tiff,9,120,2.722926922224457,20.15716830324422,False,False,False,4
P9_C2_G120_Recorte_Recorte_B_2.6.tiff,9,120,2.919391328127232,20.94865822235518,False,False,False,4
P9_C2_G120_Recorte_Recorte_C_3.1.tiff,9,120,2.757023711045821,20.16301046383374,False,False,False,4
P9_C2_G120_Recorte_Recorte_C_3.2.tiff,9,120,2.899693685368946,20.15192317549049,False,False,False,4
P9_C2_G120_Recorte_Recorte_C_3.3.tiff,9,120,2.771348871401172,20.34858844674226,False,False,False,4
P9_C2_G120_Recorte_Recorte_C_3.4.tiff,9,120,2.474602684847718,18.65261206399688,False,False,False,4
P9_C2_G120_Recorte_Recorte_C_3.5.tiff,9,120,2.938307449241578,20.87657439864691,False,False,False,4
P9_C2_G120_Recorte_Recorte_C_3.6.tiff,9,120,3.110879823502046,22.84911221078119,False,False,False,4
P9_C2_G180_Recorte_Recorte_A1_1.1.tiff,9,180,2.709212085100197,24.23836929599178,False,False,False,4
P9_C2_G180_Recorte_Recorte_A1_1.2.tiff,9,180,2.616375555018672,22.84367999440088,False,False,False,4
P9_C2_G180_Recorte_Recorte_A1_1.3.tiff,9,180,2.676419995483858,23.16561815331044,False,False,False,4
P9_C2_G180_Recorte_Recorte_A1_1.4.tiff,9,180,2.522922496903508,23.16457034929287,False,False,False,4
P9_C2_G180_Recorte_Recorte_A1_1.5.tiff,9,180,2.494413084065978,21.99989346817834,False,False,False,4
P9_C2_G180_Recorte_Recorte_A1_1.6.tiff,9,180,2.60123187879886,24.45692540183689,False,False,False,4
P9_C2_G180_Recorte_Recorte_A2_1.1.tiff,9,180,2.709212085100197,24.23836929599178,False,False,False,4
P9_C2_G180_Recorte_Recorte_A2_1.2.tiff,9,180,2.616375555018672,22.84367999440088,False,False,False,4
P9_C2_G180_Recorte_Recorte_A2_1.3.tiff,9,180,2.676419995483858,23.16561815331044,False,False,False,4
P9_C2_G180_Recorte_Recorte_A2_1.4.tiff,9,180,2.522922496903508,23.16457034929287,False,False,False,4
P9_C2_G180_Recorte_Recorte_A2_1.5.tiff,9,180,2.494413084065978,21.99989346817834,False,False,False,4
P9_C2_G180_Recorte_Recorte_A2_1.6.tiff,9,180,2.60123187879886,24.45692540183689,False,False,False,4
P9_C2_G180_Recorte_Recorte_B_2.1.tiff,9,180,2.297885724204342,18.47400936125666,False,False,False,4
P9_C2_G180_Recorte_Recorte_B_2.2.tiff,9,180,2.226438237603534,17.4857993224687,False,False,False,4
P9_C2_G180_Recorte_Recorte_B_2.3.tiff,9,180,2.251859104530659,18.599740676049,False,False,False,4
P9_C2_G180_Recorte_Recorte_B_2.4.tiff,9,180,2.346228160463072,17.48917245238035,False,False,False,4
P9_C2_G180_Recorte_Recorte_B_2.5.tiff,9,180,2.286655473195667,18.25163037699743,False,False,False,4
P9_C2_G180_Recorte_Recorte_B_2.6.tiff,9,180,2.056168816017371,15.03420591518769,False,False,False,4
P9_C2_G180_Recorte_Recorte_C_3.1.tiff,9,180,2.578229489837969,19.69397992640605,False,False,False,4
P9_C2_G180_Recorte_Recorte_C_3.2.tiff,9,180,2.301592892812604,19.05567221433266,False,False,False,4
P9_C2_G180_Recorte_Recorte_C_3.3.tiff,9,180,2.160745725288019,15.40808455511634,False,False,False,4
P9_C2_G180_Recorte_Recorte_C_3.4.tiff,9,180,2.134746587301014,16.93985779544072,False,False,False,4
P9_C2_G180_Recorte_Recorte_C_3.5.tiff,9,180,2.524958142758188,19.94155344270966,False,False,False,4
P9_C2_G180_Recorte_Recorte_C_3.6.tiff,9,180,2.65547485257008,20.80935938533162,False,False,False,4
P9_C2_G40_Recorte_Recorte_A1_1.1.tiff,9,40,5.607977857496806,36.26990693465565,False,False,False,4
P9_C2_G40_Recorte_Recorte_A1_1.2.tiff,9,40,5.624641191199154,33.23819717724272,False,False,False,4
P9_C2_G40_Recorte_Recorte_A1_1.3.tiff,9,40,4.425782848065833,28.93477329637903,False,False,False,4
P9_C2_G40_Recorte_Recorte_A1_1.4.tiff,9,40,5.037875487284722,35.09041544610024,False,False,False,4
P9_C2_G40_Recorte_Recorte_A1_1.5.tiff,9,40,5.561604447612904,38.98412330203358,False,False,False,4
P9_C2_G40_Recorte_Recorte_A1_1.6.tiff,9,40,5.343557503901246,35.73285814329576,False,False,False,4
P9_C2_G40_Recorte_Recorte_A2_1.1.tiff,9,40,5.607977857496806,36.26990693465565,False,False,False,4
P9_C2_G40_Recorte_Recorte_A2_1.2.tiff,9,40,5.624641191199154,33.23819717724272,False,False,False,4
P9_C2_G40_Recorte_Recorte_A2_1.3.tiff,9,40,4.425782848065833,28.93477329637903,False,False,False,4
P9_C2_G40_Recorte_Recorte_A2_1.4.tiff,9,40,5.037875487284722,35.09041544610024,False,False,False,4
P9_C2_G40_Recorte_Recorte_A2_1.5.tiff,9,40,5.561604447612904,38.98412330203358,False,False,False,4
P9_C2_G40_Recorte_Recorte_A2_1.6.tiff,9,40,5.343557503901246,35.73285814329576,False,False,False,4
P9_C2_G40_Recorte_Recorte_B_2.1.tiff,9,40,5.295368344655491,32.00283766758785,False,False,False,4
P9_C2_G40_Recorte_Recorte_B_2.2.tiff,9,40,4.930736989193032,33.02621887270507,False,False,False,4
P9_C2_G40_Recorte_Recorte_B_2.3.tiff,9,40,5.245327251711988,34.44898547958083,False,False,False,4
P9_C2_G40_Recorte_Recorte_B_2.4.tiff,9,40,5.157361426533196,36.61380547465227,False,False,False,4
P9_C2_G40_Recorte_Recorte_B_2.5.tiff,9,40,4.805884340180445,33.17823857797529,False,False,False,4
P9_C2_G40_Recorte_Recorte_B_2.6.tiff,9,40,5.182481871362684,31.69646892864683,False,False,False,4
P9_C2_G40_Recorte_Recorte_C_3.1.tiff,9,40,5.713123762986135,36.5027581475421,False,False,False,4
P9_C2_G40_Recorte_Recorte_C_3.2.tiff,9,40,6.828891150615147,46.17831527378803,False,False,False,4
P9_C2_G40_Recorte_Recorte_C_3.3.tiff,9,40,5.899919266924644,37.98608782837978,False,False,False,4
P9_C2_G40_Recorte_Recorte_C_3.4.tiff,9,40,4.741599522946458,35.69210758257119,False,False,False,4
P9_C2_G40_Recorte_Recorte_C_3.5.tiff,9,40,4.946696513415036,30.59649169937442,False,False,False,4
P9_C2_G40_Recorte_Recorte_C_3.6.tiff,9,40,5.54373399072931,35.3825352146766,False,False,False,4
P9_C2_G80_Recorte_Recorte_A1_1.1.tiff,9,80,4.548819067403457,29.03864386666187,False,False,False,4
P9_C2_G80_Recorte_Recorte_A1_1.2.tiff,9,80,4.305517647836567,27.09424510333166,False,False,False,4
P9_C2_G80_Recorte_Recorte_A1_1.3.tiff,9,80,4.135586882621711,27.99588071829828,False,False,False,4
P9_C2_G80_Recorte_Recorte_A1_1.4.tiff,9,80,3.65274830470853,28.38340296184868,False,False,False,4
P9_C2_G80_Recorte_Recorte_A1_1.5.tiff,9,80,4.451534966737817,30.67282944118535,False,False,False,4
P9_C2_G80_Recorte_Recorte_A1_1.6.tiff,9,80,4.528170191255176,32.12745140407469,False,False,False,4
P9_C2_G80_Recorte_Recorte_A2_1.1.tiff,9,80,4.548819067403457,29.03864386666187,False,False,False,4
P9_C2_G80_Recorte_Recorte_A2_1.2.tiff,9,80,4.305517647836567,27.09424510333166,False,False,False,4
P9_C2_G80_Recorte_Recorte_A2_1.3.tiff,9,80,4.135586882621711,27.99588071829828,False,False,False,4
P9_C2_G80_Recorte_Recorte_A2_1.4.tiff,9,80,3.65274830470853,28.38340296184868,False,False,False,4
P9_C2_G80_Recorte_Recorte_A2_1.5.tiff,9,80,4.451534966737817,30.67282944118535,False,False,False,4
P9_C2_G80_Recorte_Recorte_A2_1.6.tiff,9,80,4.528170191255176,32.12745140407469,False,False,False,4
P9_C2_G80_Recorte_Recorte_B_2.1.tiff,9,80,4.138104110535235,29.60296432735377,False,False,False,4
P9_C2_G80_Recorte_Recorte_B_2.2.tiff,9,80,4.086750101419664,27.11288904877292,False,False,False,4
P9_C2_G80_Recorte_Recorte_B_2.3.tiff,9,80,3.889350411279938,27.00632114472376,False,False,False,4
P9_C2_G80_Recorte_Recorte_B_2.4.tiff,9,80,4.102824125205513,28.32664906938239,False,False,False,4
P9_C2_G80_Recorte_Recorte_B_2.5.tiff,9,80,3.703122980575972,25.17859079411964,False,False,False,4
P9_C2_G80_Recorte_Recorte_B_2.6.tiff,9,80,4.005836733646232,24.80058030096718,False,False,False,4
P9_C2_G80_Recorte_Recorte_C_3.1.tiff,9,80,3.646296377272815,26.52900211392815,False,False,False,4
P9_C2_G80_Recorte_Recorte_C_3.2.tiff,9,80,3.761842982229127,28.38484317685453,False,False,False,4
P9_C2_G80_Recorte_Recorte_C_3.3.tiff,9,80,4.260871077824521,27.02585587258952,False,False,False,4
P9_C2_G80_Recorte_Recorte_C_3.4.tiff,9,80,4.394666138263465,29.82448605319077,False,False,False,4
P9_C2_G80_Recorte_Recorte_C_3.5.tiff,9,80,3.925837838644286,26.97856266036517,False,False,False,4
P9_C2_G80_Recorte_Recorte_C_3.6.tiff,9,80,3.810478272603714,27.62814183593063,False,False,False,4
P6_C1_G40_Recorte_Recorte_C_3.4.tiff,6,40,10.06983333076685,72.97953747382789,True,False,True,0
P10_C1_G80_Recorte_Recorte_C_3.5.tiff,10,80,6.39344807371204,52.17081734927135,True,True,True,0
P7_C1_G80_Recorte_Recorte_A1_1.1.tiff,7,80,9.197803408076657,65.52606540516624,True,True,True,0
P7_C1_G80_Recorte_Recorte_A2_1.1.tiff,7,80,9.197803408076657,65.52606540516624,True,True,True,0
P9_C1_G80_Recorte_Recorte_B_2.1.tiff,9,80,6.945090321491138,76.61842930131431,True,True,True,0
P9_C1_G80_Recorte_Recorte_C_3.2.tiff,9,80,6.142271594992891,47.36398499039397,True,True,True,0
P9_C1_G80_Recorte_Recorte_C_3.6.tiff,9,80,6.346559929278612,45.16301883768627,True,True,True,0
P10_C1_G120_Recorte_Recorte_A1_1.4.tiff,10,120,4.391481737162136,30.47613358417594,True,True,False,0
P10_C1_G120_Recorte_Recorte_A2_1.4.tiff,10,120,4.391481737162136,30.47613358417594,True,True,False,0
P10_C1_G120_Recorte_Recorte_B_2.1.tiff,10,120,4.144455655492314,37.35179644479894,True,False,True,0
P5_C1_G120_Recorte_Recorte_C_3.6.tiff,5,120,4.458695709569925,32.56597730752397,True,True,True,0
P9_C1_G120_Recorte_Recorte_A1_1.1.tiff,9,120,4.630216487580594,32.90253397001698,True,True,True,0
P9_C1_G120_Recorte_Recorte_A1_1.4.tiff,9,120,4.436739574547297,33.71220040419141,True,True,True,0
P9_C1_G120_Recorte_Recorte_A2_1.1.tiff,9,120,4.630216487580594,32.90253397001698,True,True,True,0
P9_C1_G120_Recorte_Recorte_A2_1.4.tiff,9,120,4.436739574547297,33.71220040419141,True,True,True,0
P9_C1_G120_Recorte_Recorte_B_2.1.tiff,9,120,4.416207096662388,36.89883303587025,True,True,True,0
P9_C1_G120_Recorte_Recorte_C_3.1.tiff,9,120,4.111097843814719,35.86804533514986,True,False,True,0
P9_C1_G120_Recorte_Recorte_C_3.2.tiff,9,120,4.090981412244081,35.75058639119859,True,False,True,0
P9_C1_G120_Recorte_Recorte_C_3.6.tiff,9,120,4.229715565545903,38.59772567732445,True,True,True,0
